Timestamp,Bytes Sent,Bytes Received
2024-10-25 16:54:53,3557,10358
2024-10-25 16:54:54,2748,341
2024-10-25 16:54:55,3364,656
2024-10-25 16:54:56,2179,1288
2024-10-25 16:54:57,8729,57968
2024-10-25 16:54:58,54,60
2024-10-25 16:54:59,0,60
2024-10-25 16:55:00,3490,730
2024-10-25 16:55:01,0,60
2024-10-25 16:55:02,0,86
2024-10-25 16:55:03,137,199
2024-10-25 16:55:04,7320,2894
2024-10-25 16:55:05,4688,216724
2024-10-25 16:55:06,0,4337
2024-10-25 16:55:07,3784,1082
2024-10-25 16:55:08,31752,32665
2024-10-25 16:55:09,540,6903
2024-10-25 16:55:10,12894,14331
2024-10-25 16:55:11,140,202
2024-10-25 16:55:12,1926,879
2024-10-25 16:55:13,29939,217642
2024-10-25 16:55:14,3446,729
2024-10-25 16:55:15,0,60
2024-10-25 16:55:16,17479,8606
2024-10-25 16:55:17,55,126
2024-10-25 16:55:18,685,696
2024-10-25 16:55:19,3051,2331
2024-10-25 16:55:20,13583,231555
2024-10-25 16:55:21,204,302
2024-10-25 16:55:22,9481,5128
2024-10-25 16:55:23,61478,96925
2024-10-25 16:55:24,10544,1746
2024-10-25 16:55:25,29330,57768
2024-10-25 16:55:26,20501,3915
2024-10-25 16:55:27,13838,12779
2024-10-25 16:55:28,2462,1789
2024-10-25 16:55:29,12112,14677
2024-10-25 16:55:30,12758,2145
2024-10-25 16:55:31,12462,11101
2024-10-25 16:55:32,9330,14882
2024-10-25 16:55:33,5155,7212
2024-10-25 16:55:34,394972,51661896
2024-10-25 16:55:35,886701,115137599
2024-10-25 16:55:36,795330,119818754
2024-10-25 16:55:37,742286,120377836
2024-10-25 16:55:38,48078701,18933057
2024-10-25 16:55:39,100077408,2008928
2024-10-25 16:55:40,9480825,206367
2024-10-25 16:55:41,10070,217029
2024-10-25 16:55:42,5864,798
2024-10-25 16:55:43,0,0
2024-10-25 16:55:44,18448,1416
2024-10-25 16:55:45,1981,1309
2024-10-25 16:55:46,1242,837
2024-10-25 16:55:47,2659,4449
2024-10-25 16:55:48,11328,201445
2024-10-25 16:55:49,1551,1389
2024-10-25 16:55:50,7845,7916
2024-10-25 16:55:51,826,826
2024-10-25 16:55:52,9076,5672
2024-10-25 16:55:53,55,66
2024-10-25 16:55:54,420,486
2024-10-25 16:55:55,6207,30666
2024-10-25 16:55:56,140,202
2024-10-25 16:55:57,4536,204788
2024-10-25 16:55:58,2589,328
2024-10-25 16:55:59,3310,540
2024-10-25 16:56:00,180,254
2024-10-25 16:56:01,7128,361
2024-10-25 16:56:02,23985,66060
2024-10-25 16:56:03,7482,5201
2024-10-25 16:56:04,12781,50591
2024-10-25 16:56:05,45836,205543
2024-10-25 16:56:06,141596,1730857
2024-10-25 16:56:07,337501,1516129
2024-10-25 16:56:08,381240,2085249
2024-10-25 16:56:09,512664,1736211
2024-10-25 16:56:10,441612,1848366
2024-10-25 16:56:12,283209,3493296
2024-10-25 16:56:13,86786,1194863
2024-10-25 16:56:14,37973,46918
2024-10-25 16:56:15,39526,43866
2024-10-25 16:56:16,38769,93771
2024-10-25 16:56:17,124682,246158
2024-10-25 16:56:18,13993,70785
2024-10-25 16:56:19,3977,1042
2024-10-25 16:56:20,10270,209636
2024-10-25 16:56:21,7435,7325
2024-10-25 16:56:22,7361,1214
2024-10-25 16:56:23,12162,27268
2024-10-25 16:56:24,395469,3987
2024-10-25 16:56:25,10995,36838
2024-10-25 16:56:26,6160,988
2024-10-25 16:56:27,1741,1373
2024-10-25 16:56:28,2728,632
2024-10-25 16:56:29,199,152
2024-10-25 16:56:30,54,60
2024-10-25 16:56:31,41306,245452
2024-10-25 16:56:32,22299,243626
2024-10-25 16:56:33,10453,208655
2024-10-25 16:56:34,0,0
2024-10-25 16:56:35,5951,1019
2024-10-25 16:56:36,108,4475
2024-10-25 16:56:37,55,60
2024-10-25 16:56:38,16400,1292
2024-10-25 16:56:39,1777,1297
2024-10-25 16:56:40,17086,234739
2024-10-25 16:56:41,10953,5437
2024-10-25 16:56:42,319,450
2024-10-25 16:56:43,2585,2617
2024-10-25 16:56:44,0,0
2024-10-25 16:56:45,25925,42628
2024-10-25 16:56:46,4388,5958
2024-10-25 16:56:47,7248,5700
2024-10-25 16:56:48,2530,1334
2024-10-25 16:56:49,0,60
2024-10-25 16:56:50,4894,241369
2024-10-25 16:56:51,240,498
2024-10-25 16:56:52,4865,6322
2024-10-25 16:56:53,1705,2258
2024-10-25 16:56:54,6571,3078
2024-10-25 16:56:55,5478,73607
2024-10-25 16:56:56,2584,4333
2024-10-25 16:56:57,5057,25734
2024-10-25 16:56:58,10868,21994
2024-10-25 16:56:59,165,437
2024-10-25 16:57:00,110,305
2024-10-25 16:57:01,8000,924
2024-10-25 16:57:02,6553,8721
2024-10-25 16:57:03,4996,228663
2024-10-25 16:57:04,0,0
2024-10-25 16:57:05,5179,848
2024-10-25 16:57:06,308,4749
2024-10-25 16:57:07,189,305
2024-10-25 16:57:08,745,1530
2024-10-25 16:57:09,5915,3401
2024-10-25 16:57:10,19421,241172
2024-10-25 16:57:11,922,1800
2024-10-25 16:57:12,573,1259
2024-10-25 16:57:13,284,246
2024-10-25 16:57:14,8128,38732
2024-10-25 16:57:15,3309,540
2024-10-25 16:57:16,8927,10989
2024-10-25 16:57:17,55,126
2024-10-25 16:57:18,3053,4697
2024-10-25 16:57:19,0,0
2024-10-25 16:57:20,11100,230130
2024-10-25 16:57:21,7823,25134
2024-10-25 16:57:22,45327,893007
2024-10-25 16:57:23,3533,167117
2024-10-25 16:57:24,90719,1211
2024-10-25 16:57:25,9350,49076
2024-10-25 16:57:26,2124,5070
2024-10-25 16:57:27,24670,2196
2024-10-25 16:57:28,9652,11239
2024-10-25 16:57:29,16781,21437
2024-10-25 16:57:30,9762,209957
2024-10-25 16:57:31,20740,12167
2024-10-25 16:57:32,4084,11656
2024-10-25 16:57:33,240,499
2024-10-25 16:57:34,4832,328
2024-10-25 16:57:35,6826,30042
2024-10-25 16:57:36,178,4583
2024-10-25 16:57:37,1320,1518
2024-10-25 16:57:38,6121,1960
2024-10-25 16:57:39,6628,208399
2024-10-25 16:57:40,7723,3022
2024-10-25 16:57:41,10352,8963
2024-10-25 16:57:42,9366,63327
2024-10-25 16:57:43,5850,7316
2024-10-25 16:57:44,14892,60143
2024-10-25 16:57:45,9394,35887
2024-10-25 16:57:46,14873,7193
2024-10-25 16:57:47,11304,8697
2024-10-25 16:57:48,7237,6478
2024-10-25 16:57:49,15820,6920
2024-10-25 16:57:50,0,60
2024-10-25 16:57:51,5197,778
2024-10-25 16:57:52,3207,4466
2024-10-25 16:57:53,7351,206979
2024-10-25 16:57:54,4408,1743
2024-10-25 16:57:55,5047,132
2024-10-25 16:57:56,2436,2728
2024-10-25 16:57:57,4165,3120
2024-10-25 16:57:59,0,60
2024-10-25 16:58:00,9564,199266
2024-10-25 16:58:01,2396,5607
2024-10-25 16:58:02,3916,1420
2024-10-25 16:58:03,0,60
2024-10-25 16:58:04,3420,5062
2024-10-25 16:58:05,370,465
2024-10-25 16:58:06,8894,34934
2024-10-25 16:58:07,2366,2445
2024-10-25 16:58:08,3236,4914
2024-10-25 16:58:09,4970,208560
2024-10-25 16:58:10,5275,3150
2024-10-25 16:58:11,1082,926
2024-10-25 16:58:12,16524,26169
2024-10-25 16:58:13,10987,19070
2024-10-25 16:58:14,304,258
2024-10-25 16:58:15,9158,31465
2024-10-25 16:58:16,2391,2552
2024-10-25 16:58:17,174,219
2024-10-25 16:58:18,6345,5928
2024-10-25 16:58:19,6375,9895
2024-10-25 16:58:20,4544,4838
2024-10-25 16:58:21,6115,201606
2024-10-25 16:58:22,5674,3053
2024-10-25 16:58:23,1569,1976
2024-10-25 16:58:24,1457,1778
2024-10-25 16:58:25,4409,1977
2024-10-25 16:58:26,4262,1890
2024-10-25 16:58:27,5566,7805
2024-10-25 16:58:28,415,756
2024-10-25 16:58:29,4752,195178
2024-10-25 16:58:30,12051,17428
2024-10-25 16:58:31,17035,14004
2024-10-25 16:58:32,17931,16651
2024-10-25 16:58:33,4059,5828
2024-10-25 16:58:34,14396,14630
2024-10-25 16:58:35,4984,30611
2024-10-25 16:58:36,11032,11075
2024-10-25 16:58:37,1644,5818
2024-10-25 16:58:38,7523,7458
2024-10-25 16:58:39,55,126
2024-10-25 16:58:40,332,332
2024-10-25 16:58:41,55,126
2024-10-25 16:58:42,3530,1231
2024-10-25 16:58:43,4812,201049
2024-10-25 16:58:44,184,60
2024-10-25 16:58:45,3457,666
2024-10-25 16:58:46,2333,1040
2024-10-25 16:58:47,294,258
2024-10-25 16:58:48,0,0
2024-10-25 16:58:49,0,60
2024-10-25 16:58:50,10671,213204
2024-10-25 16:58:51,88,120
2024-10-25 16:58:52,3372,5850
2024-10-25 16:58:53,210,252
2024-10-25 16:58:54,946,1022
2024-10-25 16:58:55,6317,33680
2024-10-25 16:58:56,0,0
2024-10-25 16:58:57,3961,1397
2024-10-25 16:58:58,1900,1843
2024-10-25 16:58:59,54,60
2024-10-25 16:59:00,32785,48922
2024-10-25 16:59:01,22121,100807
2024-10-25 16:59:02,75128,133281
2024-10-25 16:59:03,35953,59517
2024-10-25 16:59:04,23449,226480
2024-10-25 16:59:05,300704,23517
2024-10-25 16:59:06,26469,8298
2024-10-25 16:59:07,11605,6219
2024-10-25 16:59:08,32727,9687
2024-10-25 16:59:09,4392,3841
2024-10-25 16:59:10,13040,216083
2024-10-25 16:59:11,3718,6863
2024-10-25 16:59:12,11871,9810
2024-10-25 16:59:13,16689,9826
2024-10-25 16:59:14,7389,45697
2024-10-25 16:59:15,18840,10816
2024-10-25 16:59:16,7179,2802
2024-10-25 16:59:17,6541,3115
2024-10-25 16:59:18,19765,5324
2024-10-25 16:59:19,5780,2657
2024-10-25 16:59:20,4285,13466
2024-10-25 16:59:21,7911,3330
2024-10-25 16:59:22,5176,202936
2024-10-25 16:59:23,2554,268
2024-10-25 16:59:24,55,337
2024-10-25 16:59:25,9894,29335
2024-10-25 16:59:26,5611,2199
2024-10-25 16:59:27,2105,2936
2024-10-25 16:59:28,4128,5288
2024-10-25 16:59:29,2937,618
2024-10-25 16:59:30,10496,200279
2024-10-25 16:59:31,4357,5254
2024-10-25 16:59:32,5752,2664
2024-10-25 16:59:33,944,5637
2024-10-25 16:59:34,16523,30993
2024-10-25 16:59:35,125,462
2024-10-25 16:59:36,3880,5604
2024-10-25 16:59:37,11299,2826
2024-10-25 16:59:38,10182,5296
2024-10-25 16:59:39,713,18037
2024-10-25 16:59:40,708,790
2024-10-25 16:59:41,6726,205922
2024-10-25 16:59:42,219,318
2024-10-25 16:59:43,3158,4768
2024-10-25 16:59:44,108,142
2024-10-25 16:59:45,3921,1154
2024-10-25 16:59:46,2523,2594
2024-10-25 16:59:47,71,128
2024-10-25 16:59:48,4682,200209
2024-10-25 16:59:49,110,132
2024-10-25 16:59:50,217,431
2024-10-25 16:59:51,6906,7385
2024-10-25 16:59:52,26280,27054
2024-10-25 16:59:53,10957,17657
2024-10-25 16:59:54,1906,2284
2024-10-25 16:59:56,6570,29947
2024-10-25 16:59:57,6663,4511
2024-10-25 16:59:58,708,852
2024-10-25 16:59:59,8409,6532
2024-10-25 17:00:00,2233,1420
2024-10-25 17:00:01,2115,4152
2024-10-25 17:00:02,3403,3643
2024-10-25 17:00:03,28794,209021
2024-10-25 17:00:04,33534,13030
2024-10-25 17:00:05,8270,40875
2024-10-25 17:00:06,3932,53081
2024-10-25 17:00:07,36068,70592
2024-10-25 17:00:08,6058,70338
2024-10-25 17:00:09,4769,106643
2024-10-25 17:00:10,8617,301658
2024-10-25 17:00:11,3846,99297
2024-10-25 17:00:12,15756,122322
Timestamp,Bytes Sent,Bytes Received
2024-10-25 17:05:35,705472,68435210
2024-10-25 17:05:36,928194,123009017
2024-10-25 17:05:37,825458,123512105
2024-10-25 17:05:38,663547,109679577
2024-10-25 17:05:39,72593690,1651701
2024-10-25 17:05:40,84574149,1637152
2024-10-25 17:05:41,400470,9746
2024-10-25 17:05:42,4618,204812
2024-10-25 17:05:43,0,60
2024-10-25 17:05:44,0,0
2024-10-25 17:05:45,3419,732
2024-10-25 17:05:46,342,595
2024-10-25 17:05:47,0,60
2024-10-25 17:05:48,6204,209182
2024-10-25 17:05:49,54,60
2024-10-25 17:05:50,462,546
2024-10-25 17:05:51,217,148
2024-10-25 17:05:52,3648,938
2024-10-25 17:05:53,472,600
2024-10-25 17:05:54,14708,13048
2024-10-25 17:05:55,4123,29071
2024-10-25 17:05:56,330,390
2024-10-25 17:05:57,3315,458
2024-10-25 17:05:58,289,527
2024-10-25 17:05:59,1300,1126
2024-10-25 17:06:00,55,126
2024-10-25 17:06:01,55,66
2024-10-25 17:06:02,13216,210459
2024-10-25 17:06:03,11424,6733
2024-10-25 17:06:04,0,126
2024-10-25 17:06:05,4953,981
2024-10-25 17:06:06,2262,6692
2024-10-25 17:06:07,565,570
2024-10-25 17:06:08,16193,13943
2024-10-25 17:06:09,4662,199916
2024-10-25 17:06:10,192,199
2024-10-25 17:06:11,358,421
2024-10-25 17:06:12,199,152
2024-10-25 17:06:13,0,0
2024-10-25 17:06:14,5098,1250
2024-10-25 17:06:15,4138,46816
2024-10-25 17:06:16,13126,4768
2024-10-25 17:06:17,652,1012
2024-10-25 17:06:18,647,1142
2024-10-25 17:06:19,399,682
2024-10-25 17:06:20,341,699
2024-10-25 17:06:21,1220,1893
2024-10-25 17:06:22,5333,203001
2024-10-25 17:06:23,2874,714
2024-10-25 17:06:24,320,600
2024-10-25 17:06:25,4042,1331
2024-10-25 17:06:26,6351,5562
2024-10-25 17:06:27,1322,351
2024-10-25 17:06:28,162,659
2024-10-25 17:06:29,4613,205399
2024-10-25 17:06:30,2546,4250
2024-10-25 17:06:31,84054,507964
2024-10-25 17:06:32,56827,50895
2024-10-25 17:06:33,14244,33949
2024-10-25 17:06:34,3116,3236
2024-10-25 17:06:35,3952,38930
2024-10-25 17:06:36,213,4912
2024-10-25 17:06:37,4146,2634
2024-10-25 17:06:38,13098,8097
2024-10-25 17:06:40,256,310
2024-10-25 17:06:41,3433,687
2024-10-25 17:06:42,0,0
2024-10-25 17:06:43,2219,450
2024-10-25 17:06:44,8959,204428
2024-10-25 17:06:45,3309,646
2024-10-25 17:06:46,14125,4758
2024-10-25 17:06:47,36411,29019
2024-10-25 17:06:48,929,1997
2024-10-25 17:06:49,3629,394
2024-10-25 17:06:50,233,751
2024-10-25 17:06:51,0,60
2024-10-25 17:06:52,14897,208719
2024-10-25 17:06:53,3028,4345
2024-10-25 17:06:54,258,180
2024-10-25 17:06:55,7833,6656
2024-10-25 17:06:56,55,676
2024-10-25 17:06:57,0,192
2024-10-25 17:06:58,6073,207837
2024-10-25 17:06:59,75,181
2024-10-25 17:07:00,0,0
2024-10-25 17:07:01,1035,850
2024-10-25 17:07:02,339,339
2024-10-25 17:07:03,380,453
2024-10-25 17:07:04,4478,1487
2024-10-25 17:07:05,3558,728
2024-10-25 17:07:06,3625,36205
2024-10-25 17:07:07,5064,7251
2024-10-25 17:07:08,1548,2473
2024-10-25 17:07:09,3418,1037
2024-10-25 17:07:10,329,432
2024-10-25 17:07:11,523,597
2024-10-25 17:07:12,4513,207509
2024-10-25 17:07:13,175,439
2024-10-25 17:07:14,12261,541
2024-10-25 17:07:15,3909,1062
2024-10-25 17:07:16,5845,1336
2024-10-25 17:07:17,343,510
2024-10-25 17:07:18,4590,203052
2024-10-25 17:07:19,7538,6241
2024-10-25 17:07:20,16967,1158
2024-10-25 17:07:21,320,380
2024-10-25 17:07:22,42,60
2024-10-25 17:07:23,3472,939
2024-10-25 17:07:24,14286,1013
2024-10-25 17:07:25,3730,45582
2024-10-25 17:07:26,13844,6547
2024-10-25 17:07:27,15348,4814
2024-10-25 17:07:28,1264,250
2024-10-25 17:07:29,2967,689
2024-10-25 17:07:30,4808,212634
2024-10-25 17:07:31,20873,17123
2024-10-25 17:07:32,126,134
2024-10-25 17:07:33,3062,799
2024-10-25 17:07:34,3753,40887
2024-10-25 17:07:35,191,221
2024-10-25 17:07:36,5900,5255
2024-10-25 17:07:37,0,0
2024-10-25 17:07:38,2899,893
2024-10-25 17:07:39,396,548
2024-10-25 17:07:40,10146,10544
2024-10-25 17:07:41,10554,184151
2024-10-25 17:07:42,5669,38732
2024-10-25 17:07:43,3902,5308
2024-10-25 17:07:44,26754,1344
2024-10-25 17:07:45,4652,53623
2024-10-25 17:07:46,3778,2965
2024-10-25 17:07:47,1783,5504
2024-10-25 17:07:48,7913,245768
2024-10-25 17:07:49,71,68
2024-10-25 17:07:50,8483,1000
2024-10-25 17:07:51,229,221
2024-10-25 17:07:52,3083,2106
2024-10-25 17:07:53,518,5013
2024-10-25 17:07:54,28777,59524
2024-10-25 17:07:55,17573,9680
2024-10-25 17:07:56,9661,2509
2024-10-25 17:07:57,3036,3727
2024-10-25 17:07:58,330,403
2024-10-25 17:07:59,10098,13545
2024-10-25 17:08:00,7328,8089
2024-10-25 17:08:01,1527,918
2024-10-25 17:08:02,14066,213112
2024-10-25 17:08:03,5355,11506
2024-10-25 17:08:04,3322,757
2024-10-25 17:08:05,12250,4890
2024-10-25 17:08:06,252,5093
2024-10-25 17:08:07,4728,5385
2024-10-25 17:08:09,12502,15535
2024-10-25 17:08:10,11216,226616
2024-10-25 17:08:11,2284,2360
2024-10-25 17:08:12,8154,530
2024-10-25 17:08:13,160,456
2024-10-25 17:08:14,10225,3201
2024-10-25 17:08:15,12482,16981
2024-10-25 17:08:16,16543,56779
2024-10-25 17:08:17,3920,5312
2024-10-25 17:08:18,17763,6286
2024-10-25 17:08:19,7563,4833
2024-10-25 17:08:20,0,66
2024-10-25 17:08:21,2961,3806
2024-10-25 17:08:22,879,867
2024-10-25 17:08:23,325,549
2024-10-25 17:08:24,4604,211914
2024-10-25 17:08:25,5420,1490
2024-10-25 17:08:26,154,207
2024-10-25 17:08:27,164,419
2024-10-25 17:08:28,0,0
2024-10-25 17:08:29,412,368
2024-10-25 17:08:30,216,385
2024-10-25 17:08:31,18900,218515
2024-10-25 17:08:32,691,4235
2024-10-25 17:08:33,15866,9129
2024-10-25 17:08:34,556,126
2024-10-25 17:08:35,6867,6823
2024-10-25 17:08:36,7296,7551
2024-10-25 17:08:37,55,126
2024-10-25 17:08:38,11400,226486
2024-10-25 17:08:39,3667,5878
2024-10-25 17:08:40,9085,6901
2024-10-25 17:08:41,28179,26611
2024-10-25 17:08:42,2303,2333
2024-10-25 17:08:43,75,182
2024-10-25 17:08:44,0,0
2024-10-25 17:08:45,3719,34615
2024-10-25 17:08:46,1758,386
2024-10-25 17:08:47,11688,13821
2024-10-25 17:08:48,9179,17727
2024-10-25 17:08:49,226,357
2024-10-25 17:08:50,3158,5244
2024-10-25 17:08:51,402,469
2024-10-25 17:08:52,8242,219032
2024-10-25 17:08:53,13200,1425
2024-10-25 17:08:54,179,281
2024-10-25 17:08:55,8915,11063
2024-10-25 17:08:56,1912,1640
2024-10-25 17:08:57,109,186
2024-10-25 17:08:58,71,68
2024-10-25 17:08:59,4688,215439
2024-10-25 17:09:00,456,359
2024-10-25 17:09:01,5319,6566
2024-10-25 17:09:02,873,2011
2024-10-25 17:09:03,8576,8032
2024-10-25 17:09:04,13271,11307
2024-10-25 17:09:05,4197,27269
2024-10-25 17:09:06,10694,7886
2024-10-25 17:09:07,937,1715
2024-10-25 17:09:08,419,413
2024-10-25 17:09:09,213,410
2024-10-25 17:09:10,241,188
2024-10-25 17:09:11,430,484
2024-10-25 17:09:12,2750,1351
2024-10-25 17:09:13,4744,206125
2024-10-25 17:09:14,3305,598
2024-10-25 17:09:15,298,667
2024-10-25 17:09:16,117,128
2024-10-25 17:09:17,639,684
2024-10-25 17:09:18,8370,9511
2024-10-25 17:09:19,560,557
2024-10-25 17:09:20,9768,210660
2024-10-25 17:09:21,3524,794
2024-10-25 17:09:22,0,60
2024-10-25 17:09:23,55,66
2024-10-25 17:09:24,117,434
2024-10-25 17:09:25,7456,35881
2024-10-25 17:09:26,1768,908
2024-10-25 17:09:27,3439,881
2024-10-25 17:09:28,2463,1905
2024-10-25 17:09:29,42,60
2024-10-25 17:09:30,0,60
2024-10-25 17:09:31,41932,40205
2024-10-25 17:09:32,10190,10359
2024-10-25 17:09:33,14689,371877
2024-10-25 17:09:34,6752,5983
2024-10-25 17:09:35,3798,837
2024-10-25 17:09:36,888,4892
2024-10-25 17:09:37,478,1318
2024-10-25 17:09:38,284,332
2024-10-25 17:09:39,537,945
2024-10-25 17:09:40,20124,215671
2024-10-25 17:09:41,4398,4952
2024-10-25 17:09:42,4499,2626
2024-10-25 17:09:43,213,264
2024-10-25 17:09:44,5824,1646
2024-10-25 17:09:45,283,1210
2024-10-25 17:09:46,126,192
2024-10-25 17:09:47,5822,182716
2024-10-25 17:09:48,574,32073
2024-10-25 17:09:49,4067,1225
2024-10-25 17:09:50,0,60
2024-10-25 17:09:51,9314,1204
2024-10-25 17:09:52,140,1345
2024-10-25 17:09:53,18328,12315
2024-10-25 17:09:54,0,60
2024-10-25 17:09:55,5238,24762
2024-10-25 17:09:56,206998,182516
2024-10-25 17:09:57,350121,487444
2024-10-25 17:09:58,125072,184187
2024-10-25 17:09:59,67635,78182
2024-10-25 17:10:00,33299,220195
2024-10-25 17:10:01,34941,22043
2024-10-25 17:10:02,33634,32613
2024-10-25 17:10:03,24157,34146
2024-10-25 17:10:05,45181,77947
2024-10-25 17:10:06,149973,251544
2024-10-25 17:10:07,133571,214952
2024-10-25 17:10:08,22677,47220
2024-10-25 17:10:09,19069,9829
2024-10-25 17:10:10,32661,50230
2024-10-25 17:10:11,22225,233170
2024-10-25 17:10:12,3443,1839
2024-10-25 17:10:13,5240,6035
2024-10-25 17:10:14,2029,1576
2024-10-25 17:10:15,3678,44110
2024-10-25 17:10:16,7649,3120
2024-10-25 17:10:17,7186,2783
2024-10-25 17:10:18,585,5115
2024-10-25 17:10:19,624,246
2024-10-25 17:10:20,13395,226395
2024-10-25 17:10:21,7191,2958
2024-10-25 17:10:22,57036,57366
2024-10-25 17:10:23,1436,5480
2024-10-25 17:10:24,4145,7985
2024-10-25 17:10:25,811,2186
2024-10-25 17:10:26,13105,44254
2024-10-25 17:10:27,7346,7387
2024-10-25 17:10:28,2321,1860
2024-10-25 17:10:29,2546,6175
2024-10-25 17:10:30,9605,202470
2024-10-25 17:10:31,50353,28993
2024-10-25 17:10:32,16108,174303
2024-10-25 17:10:33,1428,8875
2024-10-25 17:10:34,16220,14702
2024-10-25 17:10:35,6667,42266
2024-10-25 17:10:36,8040,9185
2024-10-25 17:10:37,668,961
2024-10-25 17:10:38,1721,1954
2024-10-25 17:10:39,181,585
2024-10-25 17:10:40,649,126
2024-10-25 17:10:41,220,324
2024-10-25 17:10:42,9739,208191
2024-10-25 17:10:43,8067,10721
2024-10-25 17:10:44,2774,1424
2024-10-25 17:10:45,3892,1457
2024-10-25 17:10:46,1536,1208
2024-10-25 17:10:47,306,326
2024-10-25 17:10:48,2424,1345
2024-10-25 17:10:49,4679,210231
2024-10-25 17:10:50,3558,805
2024-10-25 17:10:51,1632,1364
2024-10-25 17:10:52,996,2096
2024-10-25 17:10:53,7454,5511
2024-10-25 17:10:54,338,468
2024-10-25 17:10:55,11434,40112
2024-10-25 17:10:56,371,1084
2024-10-25 17:10:57,0,695
2024-10-25 17:10:58,6132,9864
2024-10-25 17:10:59,503,1028
2024-10-25 17:11:00,4576,197714
2024-10-25 17:11:01,7044,1564
2024-10-25 17:11:02,233,312
2024-10-25 17:11:03,146,119
2024-10-25 17:11:04,2390,1120
2024-10-25 17:11:05,7293,29168
2024-10-25 17:11:06,2260,6875
2024-10-25 17:11:07,9285,3087
2024-10-25 17:11:08,1201,4296
2024-10-25 17:11:09,2098,957
2024-10-25 17:11:10,9365,228953
2024-10-25 17:11:11,5020,2375
2024-10-25 17:11:12,703,892
2024-10-25 17:11:13,54,145
2024-10-25 17:11:14,71,127
2024-10-25 17:11:15,5766,46272
2024-10-25 17:11:16,553,945
2024-10-25 17:11:17,3411,672
2024-10-25 17:11:18,288,385
2024-10-25 17:11:19,2705,279
2024-10-25 17:11:20,2431,1431
2024-10-25 17:11:21,6910,9884
2024-10-25 17:11:22,424,474
2024-10-25 17:11:23,8866,206800
2024-10-25 17:11:24,410,673
2024-10-25 17:11:25,4604,1556
2024-10-25 17:11:26,11066,9036
2024-10-25 17:11:27,1896,941
2024-10-25 17:11:28,8122,9870
2024-10-25 17:11:29,1628,1698
2024-10-25 17:11:30,4661,198521
2024-10-25 17:11:31,14160,11264
2024-10-25 17:11:32,164,192
2024-10-25 17:11:33,330,396
2024-10-25 17:11:34,3589,25436
2024-10-25 17:11:35,948,1496
2024-10-25 17:11:36,2927,6267
2024-10-25 17:11:37,3533,994
2024-10-25 17:11:38,275,470
2024-10-25 17:11:39,0,0
2024-10-25 17:11:40,5112,200869
2024-10-25 17:11:41,3841,1263
2024-10-25 17:11:42,0,60
2024-10-25 17:11:43,10114,15972
2024-10-25 17:11:44,3831,26560
2024-10-25 17:11:46,213,201
2024-10-25 17:11:47,256,446
2024-10-25 17:11:48,284,268
2024-10-25 17:11:49,539,535
2024-10-25 17:11:50,5439,222316
2024-10-25 17:11:51,354,1240
2024-10-25 17:11:52,2805,3184
2024-10-25 17:11:53,20454,49624
2024-10-25 17:11:54,959,2607
2024-10-25 17:11:55,10114,1777
2024-10-25 17:11:56,294,321
2024-10-25 17:11:57,67,60
2024-10-25 17:11:58,14332,16444
2024-10-25 17:11:59,55,186
2024-10-25 17:12:00,0,120
2024-10-25 17:12:01,4714,201624
2024-10-25 17:12:02,248,258
2024-10-25 17:12:03,234,393
2024-10-25 17:12:04,695,1148
2024-10-25 17:12:05,3575,1001
2024-10-25 17:12:06,2059,5386
2024-10-25 17:12:07,179,372
2024-10-25 17:12:08,4924,4893
2024-10-25 17:12:09,4871,202279
2024-10-25 17:12:10,9178,1948
2024-10-25 17:12:11,794,965
2024-10-25 17:12:12,566,655
2024-10-25 17:12:13,1277,1419
2024-10-25 17:12:14,967,1155
2024-10-25 17:12:15,6915,26958
2024-10-25 17:12:16,433,539
2024-10-25 17:12:17,1201,1059
2024-10-25 17:12:18,4910,6856
2024-10-25 17:12:19,181,260
2024-10-25 17:12:20,126,133
2024-10-25 17:12:21,594,716
2024-10-25 17:12:22,5385,208542
2024-10-25 17:12:23,3563,868
2024-10-25 17:12:24,5847,6138
2024-10-25 17:12:25,288,467
2024-10-25 17:12:26,407,540
2024-10-25 17:12:27,142,294
2024-10-25 17:12:28,1239,317
2024-10-25 17:12:29,5084,209348
2024-10-25 17:12:30,620,1094
2024-10-25 17:12:31,22636,6179
2024-10-25 17:12:32,1794,814
2024-10-25 17:12:33,3600,920
2024-10-25 17:12:34,284,261
2024-10-25 17:12:35,126,260
2024-10-25 17:12:36,58403,86051
2024-10-25 17:12:37,6204,3517
2024-10-25 17:12:38,86,60
2024-10-25 17:12:39,218,420
2024-10-25 17:12:40,2146,979
2024-10-25 17:12:41,0,60
2024-10-25 17:12:42,1024,437
2024-10-25 17:12:43,12911,217117
2024-10-25 17:12:44,3596,812
2024-10-25 17:12:45,11195,60700
2024-10-25 17:12:46,1226,651
2024-10-25 17:12:47,268,261
2024-10-25 17:12:48,142,201
2024-10-25 17:12:49,7834,9218
2024-10-25 17:12:50,4625,205494
2024-10-25 17:12:51,71,194
2024-10-25 17:12:52,0,0
2024-10-25 17:12:53,157,187
2024-10-25 17:12:54,12370,14868
2024-10-25 17:12:55,3873,27502
2024-10-25 17:12:56,4034,3618
2024-10-25 17:12:57,4311,1594
2024-10-25 17:12:58,2545,2476
2024-10-25 17:12:59,383,633
2024-10-25 17:13:00,220,246
2024-10-25 17:13:01,711,757
2024-10-25 17:13:02,12282,10015
2024-10-25 17:13:03,9635,5551
2024-10-25 17:13:04,4669,207219
2024-10-25 17:13:05,7236,6330
2024-10-25 17:13:06,2746,8070
2024-10-25 17:13:07,828,891
2024-10-25 17:13:08,363,520
2024-10-25 17:13:09,164,300
2024-10-25 17:13:10,327,341
2024-10-25 17:13:11,4804,193753
2024-10-25 17:13:12,2287,1054
2024-10-25 17:13:13,364,357
2024-10-25 17:13:14,7669,929
2024-10-25 17:13:15,3637,869
2024-10-25 17:13:16,660,326
2024-10-25 17:13:17,561,1479
2024-10-25 17:13:18,4612,195884
2024-10-25 17:13:19,3375,606
2024-10-25 17:13:20,101,186
2024-10-25 17:13:21,126,133
2024-10-25 17:13:22,3993,5380
2024-10-25 17:13:23,86,60
2024-10-25 17:13:24,3773,41206
2024-10-25 17:13:25,6312,9301
2024-10-25 17:13:26,870,718
2024-10-25 17:13:27,1643,1724
2024-10-25 17:13:28,2824,3839
2024-10-25 17:13:29,155,126
2024-10-25 17:13:30,325,285
2024-10-25 17:13:31,36400,41911
2024-10-25 17:13:32,8147,217282
2024-10-25 17:13:33,704,761
2024-10-25 17:13:34,4584,1053
2024-10-25 17:13:35,1999,8179
2024-10-25 17:13:36,996,5048
2024-10-25 17:13:37,5087,210504
2024-10-25 17:13:38,3539,889
2024-10-25 17:13:39,16856,16875
2024-10-25 17:13:40,117724,117583
2024-10-25 17:13:41,19174,19313
2024-10-25 17:13:42,114775,114866
2024-10-25 17:13:43,10806,10923
2024-10-25 17:13:45,32229,63958
2024-10-25 17:13:46,36186,37918
2024-10-25 17:13:47,58792,56169
2024-10-25 17:13:48,23761,23800
2024-10-25 17:13:49,88246,88036
2024-10-25 17:13:50,8875,13746
2024-10-25 17:13:51,5991,1734
2024-10-25 17:13:52,660,702
2024-10-25 17:13:53,49464,248672
2024-10-25 17:13:54,2450,6872
2024-10-25 17:13:55,788565,785041
2024-10-25 17:13:56,2990111,3014175
2024-10-25 17:13:57,3092414,3132559
2024-10-25 17:13:58,4397025,4433637
2024-10-25 17:13:59,4219241,4194109
2024-10-25 17:14:00,3311590,3651654
2024-10-25 17:14:01,2401642,2211975
2024-10-25 17:14:02,3426778,3399429
2024-10-25 17:14:03,3757939,3833174
2024-10-25 17:14:04,3386560,3526045
2024-10-25 17:14:05,3700091,3655805
2024-10-25 17:14:06,2821600,2653307
2024-10-25 17:14:07,2328321,2357412
2024-10-25 17:14:08,2591306,2597347
2024-10-25 17:14:09,2415980,2405844
2024-10-25 17:14:10,2953735,2989946
2024-10-25 17:14:11,2857058,2897470
2024-10-25 17:14:12,2575520,2530538
2024-10-25 17:14:13,2820746,2875465
2024-10-25 17:14:14,3513810,3630898
2024-10-25 17:14:15,3322982,3388173
2024-10-25 17:14:16,2404251,2326266
2024-10-25 17:14:17,2913458,3039172
2024-10-25 17:14:18,3479830,3391192
2024-10-25 17:14:19,1495769,1463790
2024-10-25 17:14:20,1343109,1362260
2024-10-25 17:14:21,1149621,1333566
2024-10-25 17:14:22,885445,885669
2024-10-25 17:14:23,460928,455524
2024-10-25 17:14:24,796612,796436
2024-10-25 17:14:25,84414,87680
2024-10-25 17:14:26,235779,229907
2024-10-25 17:14:27,119320,119603
2024-10-25 17:14:28,13226,241873
2024-10-25 17:14:29,919,650
2024-10-25 17:14:30,54129,55275
2024-10-25 17:14:31,384422,383103
2024-10-25 17:14:32,15665,16788
2024-10-25 17:14:33,3661,29440
2024-10-25 17:14:34,14109,12011
2024-10-25 17:14:35,4915,1825
2024-10-25 17:14:36,1257,5716
2024-10-25 17:14:37,1199,1252
2024-10-25 17:14:38,8598,6543
2024-10-25 17:14:39,223,339
2024-10-25 17:14:40,249,334
2024-10-25 17:14:41,25544,25943
2024-10-25 17:14:42,46269,251099
2024-10-25 17:14:43,67042,66995
2024-10-25 17:14:44,3304,3302
2024-10-25 17:14:45,7351,4502
2024-10-25 17:14:46,7362,6452
2024-10-25 17:14:47,110,192
2024-10-25 17:14:48,1909,759
2024-10-25 17:14:49,4537,208628
2024-10-25 17:14:50,181,199
2024-10-25 17:14:51,0,60
2024-10-25 17:14:52,3775,667
2024-10-25 17:14:53,17912,22273
2024-10-25 17:14:54,0,60
2024-10-25 17:14:55,3997,31476
2024-10-25 17:14:56,3874,1147
2024-10-25 17:14:57,1611,1411
2024-10-25 17:14:58,542,2020
2024-10-25 17:14:59,4747,6938
2024-10-25 17:15:00,289,563
2024-10-25 17:15:01,7316,3111
2024-10-25 17:15:02,71,127
2024-10-25 17:15:03,10839,218334
2024-10-25 17:15:04,1982,887
2024-10-25 17:15:05,3438,745
2024-10-25 17:15:06,662,5310
2024-10-25 17:15:07,309,423
2024-10-25 17:15:08,54,201
2024-10-25 17:15:09,420,512
2024-10-25 17:15:10,14080,225556
2024-10-25 17:15:11,1291,1922
2024-10-25 17:15:12,630,729
2024-10-25 17:15:13,841,1392
2024-10-25 17:15:14,213,258
2024-10-25 17:15:15,3646,32425
2024-10-25 17:15:16,744,1068
2024-10-25 17:15:17,3942,1344
2024-10-25 17:15:18,8827,9866
2024-10-25 17:15:19,268,335
2024-10-25 17:15:20,2206,1414
2024-10-25 17:15:21,467,535
2024-10-25 17:15:22,456,499
2024-10-25 17:15:23,9338,219928
2024-10-25 17:15:24,5065,5763
2024-10-25 17:15:25,2234,1420
2024-10-25 17:15:26,129,403
2024-10-25 17:15:27,46,211
2024-10-25 17:15:28,0,60
2024-10-25 17:15:29,4538,198232
2024-10-25 17:15:30,109,186
2024-10-25 17:15:31,21471,15826
2024-10-25 17:15:32,2244,4848
2024-10-25 17:15:33,17925,30248
2024-10-25 17:15:34,16852,35937
2024-10-25 17:15:35,37433,38447
2024-10-25 17:15:36,403299,14959078
2024-10-25 17:15:37,299548,10974210
2024-10-25 17:15:38,219762,9745140
2024-10-25 17:15:39,246932,8370259
2024-10-25 17:15:40,586423,13200858
2024-10-25 17:15:41,397355,18916355
2024-10-25 17:15:42,429766,20882714
2024-10-25 17:15:44,618183,25415595
2024-10-25 17:15:45,644611,28609935
2024-10-25 17:15:46,639255,24007096
2024-10-25 17:15:47,43812235,1485212
2024-10-25 17:15:48,40256589,615596
2024-10-25 17:15:49,40566919,639071
2024-10-25 17:15:50,30984884,322991
2024-10-25 17:15:51,8068101,116591
2024-10-25 17:15:52,93973,96571
2024-10-25 17:15:53,1952,925
2024-10-25 17:15:54,9123,217678
2024-10-25 17:15:55,137,199
2024-10-25 17:15:56,3939,742
2024-10-25 17:15:57,76678,76714
2024-10-25 17:15:58,556,646
2024-10-25 17:15:59,4512,4033
2024-10-25 17:16:00,424,419
2024-10-25 17:16:01,89166,287176
2024-10-25 17:16:02,61506,61524
2024-10-25 17:16:03,9982,934
2024-10-25 17:16:04,554,1558
2024-10-25 17:16:05,256942,254528
2024-10-25 17:16:06,179129,182950
2024-10-25 17:16:07,831,1061
2024-10-25 17:16:08,5983,1854
2024-10-25 17:16:09,1469,202404
2024-10-25 17:16:10,7712,6875
2024-10-25 17:16:11,441,536
2024-10-25 17:16:12,55,66
2024-10-25 17:16:13,329,307
2024-10-25 17:16:14,1118,728
2024-10-25 17:16:15,3771,40633
2024-10-25 17:16:16,106,60
2024-10-25 17:16:17,7474,3286
2024-10-25 17:16:18,1602,631
2024-10-25 17:16:19,359,448
2024-10-25 17:16:20,5441,6809
2024-10-25 17:16:21,4719,208240
2024-10-25 17:16:22,3387,607
2024-10-25 17:16:23,71,127
2024-10-25 17:16:24,2924,1065
2024-10-25 17:16:25,192,346
2024-10-25 17:16:26,7856,5250
2024-10-25 17:16:27,1246,2504
2024-10-25 17:16:28,0,0
2024-10-25 17:16:29,5229,216930
2024-10-25 17:16:30,3606,880
2024-10-25 17:16:31,68538,487135
2024-10-25 17:16:32,7218,17172
2024-10-25 17:16:33,267,921
2024-10-25 17:16:34,213,202
2024-10-25 17:16:35,3476,32840
2024-10-25 17:16:36,3458,5083
2024-10-25 17:16:37,287,554
2024-10-25 17:16:38,1982,2115
2024-10-25 17:16:39,288,535
2024-10-25 17:16:40,4173,3966
2024-10-25 17:16:41,592,960
2024-10-25 17:16:42,3563,1217
2024-10-25 17:16:43,4748,207171
2024-10-25 17:16:44,55,66
2024-10-25 17:16:45,3855,1092
2024-10-25 17:16:46,1085,793
2024-10-25 17:16:47,413,605
2024-10-25 17:16:48,6909,8729
2024-10-25 17:16:49,550,1113
2024-10-25 17:16:50,4528,195345
2024-10-25 17:16:51,274,324
2024-10-25 17:16:52,5668,7502
2024-10-25 17:16:53,4462,5817
2024-10-25 17:16:54,130,205
2024-10-25 17:16:55,3754,29445
2024-10-25 17:16:56,6583,4371
2024-10-25 17:16:57,71,68
2024-10-25 17:16:58,425,1001
2024-10-25 17:16:59,1108,1432
2024-10-25 17:17:00,1168,1784
2024-10-25 17:17:01,759,760
2024-10-25 17:17:02,556,699
2024-10-25 17:17:03,0,127
2024-10-25 17:17:04,4605,206446
2024-10-25 17:17:05,11589,7760
2024-10-25 17:17:06,741,12195
2024-10-25 17:17:07,71,67
2024-10-25 17:17:08,206,269
2024-10-25 17:17:09,799,384
2024-10-25 17:17:10,8751,1710
2024-10-25 17:17:11,4764,203532
2024-10-25 17:17:12,1912,862
2024-10-25 17:17:13,0,0
2024-10-25 17:17:14,71,127
2024-10-25 17:17:15,3236,540
2024-10-25 17:17:16,546,648
2024-10-25 17:17:17,2504,5607
2024-10-25 17:17:18,12091,205330
2024-10-25 17:17:19,442,1347
2024-10-25 17:17:20,288,381
2024-10-25 17:17:21,2704,889
2024-10-25 17:17:22,4418,8093
2024-10-25 17:17:23,397,399
2024-10-25 17:17:24,4278,5916
2024-10-25 17:17:25,9419,32517
2024-10-25 17:17:26,350,818
2024-10-25 17:17:27,517,211
2024-10-25 17:17:28,6617,2862
2024-10-25 17:17:29,293,1465
2024-10-25 17:17:30,369,390
2024-10-25 17:17:31,561,450
2024-10-25 17:17:32,4775,204124
2024-10-25 17:17:33,537,494
2024-10-25 17:17:34,10440,10605
2024-10-25 17:17:35,3477,738
2024-10-25 17:17:36,181,4597
2024-10-25 17:17:37,6920,1430
2024-10-25 17:17:38,7874,10977
2024-10-25 17:17:39,4800,202876
2024-10-25 17:17:41,822,382
2024-10-25 17:17:42,663,1698
2024-10-25 17:17:43,125,209
2024-10-25 17:17:44,6326,9351
2024-10-25 17:17:45,5449,28076
2024-10-25 17:17:46,7710,54402
2024-10-25 17:17:47,477,805
2024-10-25 17:17:48,55,66
2024-10-25 17:17:49,249,562
2024-10-25 17:17:50,420,426
2024-10-25 17:17:51,55,126
2024-10-25 17:17:52,375,386
2024-10-25 17:17:53,4536,202520
2024-10-25 17:17:54,6789,4873
2024-10-25 17:17:55,295,1293
2024-10-25 17:17:56,710,727
2024-10-25 17:17:57,370,392
2024-10-25 17:17:58,10569,7805
2024-10-25 17:17:59,5625,8366
2024-10-25 17:18:00,11907,202166
2024-10-25 17:18:01,14781,18369
2024-10-25 17:18:02,6888,10094
2024-10-25 17:18:03,13900,3695
2024-10-25 17:18:04,21870,16479
2024-10-25 17:18:05,38376,63471
2024-10-25 17:18:06,34087,23607
2024-10-25 17:18:07,4489,5925
2024-10-25 17:18:08,11208,11695
2024-10-25 17:18:09,8971,9294
2024-10-25 17:18:10,19013,19410
2024-10-25 17:18:11,14895,11130
2024-10-25 17:18:12,1149,1384
2024-10-25 17:18:13,594,682
2024-10-25 17:18:14,4929,209799
2024-10-25 17:18:15,3314,672
2024-10-25 17:18:16,2104,914
2024-10-25 17:18:17,7268,930
2024-10-25 17:18:18,3039,6661
2024-10-25 17:18:19,8258,9744
2024-10-25 17:18:20,846,946
2024-10-25 17:18:21,8919,203789
2024-10-25 17:18:22,25183,69284
2024-10-25 17:18:23,13792,6510
2024-10-25 17:18:24,2411,42837
2024-10-25 17:18:25,339,485
2024-10-25 17:18:26,7416,23649
2024-10-25 17:18:27,1488,9565
2024-10-25 17:18:28,4661,206203
2024-10-25 17:18:29,621,1163
2024-10-25 17:18:30,0,0
2024-10-25 17:18:31,31428,21604
2024-10-25 17:18:32,2505,8198
2024-10-25 17:18:33,284,321
2024-10-25 17:18:34,71,194
2024-10-25 17:18:35,12414,36210
2024-10-25 17:18:36,491,4890
2024-10-25 17:18:37,150,351
2024-10-25 17:18:38,6671,4986
2024-10-25 17:18:39,1337,3368
2024-10-25 17:18:40,1136,873
2024-10-25 17:18:41,4765,9937
2024-10-25 17:18:42,13816,298943
2024-10-25 17:18:43,4140,4447
2024-10-25 17:18:44,48070,474675
2024-10-25 17:18:45,13727,60191
2024-10-25 17:18:46,30035,186166
2024-10-25 17:18:47,45437,502881
2024-10-25 17:18:48,7377,11658
2024-10-25 17:18:49,10782,232210
2024-10-25 17:18:50,3220,6608
2024-10-25 17:18:51,3605,966
2024-10-25 17:18:52,13589,17094
2024-10-25 17:18:53,2279,7040
2024-10-25 17:18:54,9505,8844
2024-10-25 17:18:55,19616,73433
2024-10-25 17:18:56,61139,574889
2024-10-25 17:18:57,82977,943534
2024-10-25 17:18:58,104459,1961
2024-10-25 17:18:59,10866,2873
2024-10-25 17:19:00,18874,255484
2024-10-25 17:19:01,3409,2864
2024-10-25 17:19:02,4491,1652
2024-10-25 17:19:03,284,268
2024-10-25 17:19:04,1252,1173
2024-10-25 17:19:05,14158,38099
2024-10-25 17:19:06,2474,5971
2024-10-25 17:19:07,1721,1326
2024-10-25 17:19:08,1160,928
2024-10-25 17:19:09,4672,204585
2024-10-25 17:19:10,8013,10910
2024-10-25 17:19:11,8348,3755
2024-10-25 17:19:12,571,680
2024-10-25 17:19:13,736,895
2024-10-25 17:19:14,2288,2323
2024-10-25 17:19:15,11729,32927
2024-10-25 17:19:16,3547,794
2024-10-25 17:19:17,223,242
2024-10-25 17:19:18,71,128
2024-10-25 17:19:19,71,67
2024-10-25 17:19:20,10207,213542
2024-10-25 17:19:21,905,1453
2024-10-25 17:19:22,397,507
2024-10-25 17:19:23,284,268
2024-10-25 17:19:24,4514,34337
2024-10-25 17:19:25,5464,2273
2024-10-25 17:19:26,291,616
2024-10-25 17:19:28,6449,5134
2024-10-25 17:19:29,211,270
2024-10-25 17:19:30,181,199
2024-10-25 17:19:31,13586,197564
2024-10-25 17:19:32,3241,4737
2024-10-25 17:19:33,8117,5903
2024-10-25 17:19:34,724,1534
2024-10-25 17:19:35,0,128
2024-10-25 17:19:36,4918,24246
2024-10-25 17:19:37,71,4464
2024-10-25 17:19:38,3596,811
2024-10-25 17:19:39,1744,6374
2024-10-25 17:19:40,7450,2871
2024-10-25 17:19:41,5372,205425
2024-10-25 17:19:42,5872,6311
2024-10-25 17:19:43,7113,6406
2024-10-25 17:19:44,1155,681
2024-10-25 17:19:45,1470,2777
2024-10-25 17:19:46,4338,57044
2024-10-25 17:19:47,934,1003
2024-10-25 17:19:48,14742,6362
2024-10-25 17:19:49,1081,1141
2024-10-25 17:19:50,2078,2107
2024-10-25 17:19:51,391,469
2024-10-25 17:19:52,731,764
2024-10-25 17:19:53,55,126
2024-10-25 17:19:54,7621,11450
2024-10-25 17:19:55,4515,200005
2024-10-25 17:19:56,3313,606
2024-10-25 17:19:57,7453,5661
2024-10-25 17:19:58,550,1115
2024-10-25 17:19:59,302,493
2024-10-25 17:20:00,2221,284
2024-10-25 17:20:01,9844,213996
2024-10-25 17:20:02,3639,860
2024-10-25 17:20:03,702,808
2024-10-25 17:20:04,1100,875
2024-10-25 17:20:05,3804,33228
2024-10-25 17:20:06,5011,6008
2024-10-25 17:20:07,1836,1963
2024-10-25 17:20:08,422,521
2024-10-25 17:20:09,68935,69367
2024-10-25 17:20:10,577053,712380
2024-10-25 17:20:11,1237369,1409070
2024-10-25 17:20:12,1406087,1780470
2024-10-25 17:20:13,1481098,1275957
2024-10-25 17:20:14,1582858,1479038
2024-10-25 17:20:15,1610633,1546690
2024-10-25 17:20:16,1761887,1883104
2024-10-25 17:20:17,1750439,1814810
2024-10-25 17:20:18,1711278,1455807
2024-10-25 17:20:19,1524939,1758391
2024-10-25 17:20:20,1255746,1304054
2024-10-25 17:20:21,1143028,1064702
2024-10-25 17:20:22,1668548,1642949
2024-10-25 17:20:23,1761246,1829878
2024-10-25 17:20:24,1781985,1750606
2024-10-25 17:20:25,1759111,1925606
2024-10-25 17:20:26,2265702,2186632
2024-10-25 17:20:27,3971450,3885091
2024-10-25 17:20:28,1600209,1576301
2024-10-25 17:20:29,387,455
2024-10-25 17:20:30,108,492
2024-10-25 17:20:31,40676,14231
2024-10-25 17:20:32,339,716
2024-10-25 17:20:33,7017,211013
2024-10-25 17:20:34,621,1197
2024-10-25 17:20:35,4059,1304
2024-10-25 17:20:36,7924,12414
2024-10-25 17:20:37,0,0
2024-10-25 17:20:38,6687,10369
2024-10-25 17:20:39,8886,10057
2024-10-25 17:20:40,5164,222022
2024-10-25 17:20:41,163,186
2024-10-25 17:20:42,3681,1400
2024-10-25 17:20:43,5072,5587
2024-10-25 17:20:44,15804,11178
2024-10-25 17:20:45,886,484
2024-10-25 17:20:46,8425,34835
2024-10-25 17:20:47,2897,847
2024-10-25 17:20:48,24462,22930
2024-10-25 17:20:49,1620,409
2024-10-25 17:20:50,353,1136
2024-10-25 17:20:51,71,67
2024-10-25 17:20:52,0,60
2024-10-25 17:20:53,4275,7199
2024-10-25 17:20:54,19872,234783
2024-10-25 17:20:55,4312,1576
2024-10-25 17:20:56,550,1118
2024-10-25 17:20:57,3384,607
2024-10-25 17:20:58,139,199
2024-10-25 17:20:59,830,4082
2024-10-25 17:21:00,4615,224438
2024-10-25 17:21:01,55,66
2024-10-25 17:21:02,42,120
2024-10-25 17:21:03,1189,1109
2024-10-25 17:21:04,4155,1282
2024-10-25 17:21:05,213,201
2024-10-25 17:21:06,30797,35656
2024-10-25 17:21:07,22974,22547
2024-10-25 17:21:08,43739,251350
2024-10-25 17:21:09,15163,15249
2024-10-25 17:21:10,4658,5202
2024-10-25 17:21:11,4823,4631
2024-10-25 17:21:12,4633,4880
2024-10-25 17:21:13,8837,36964
2024-10-25 17:21:14,3508,2662
2024-10-25 17:21:15,10006,7208
2024-10-25 17:21:16,1448,1978
2024-10-25 17:21:17,6658,4786
2024-10-25 17:21:18,71,127
2024-10-25 17:21:19,420,426
2024-10-25 17:21:21,42,120
2024-10-25 17:21:22,55,66
2024-10-25 17:21:23,8316,218859
2024-10-25 17:21:24,164,403
2024-10-25 17:21:25,363,1165
2024-10-25 17:21:26,5584,1304
2024-10-25 17:21:27,4590,7192
2024-10-25 17:21:28,71,67
2024-10-25 17:21:29,71,127
2024-10-25 17:21:30,4679,199242
2024-10-25 17:21:31,16356,333
2024-10-25 17:21:32,25154,13169
2024-10-25 17:21:33,10088,22994
2024-10-25 17:21:34,1601,44413
2024-10-25 17:21:35,4937,60005
2024-10-25 17:21:36,4607,40569
2024-10-25 17:21:37,1522,62190
2024-10-25 17:21:38,20189,70734
2024-10-25 17:21:39,2687,76803
Timestamp,Bytes Sent,Bytes Received
2024-10-25 17:22:27,3931,11877
2024-10-25 17:22:28,9270,6363
2024-10-25 17:22:29,288,473
2024-10-25 17:22:30,1413,2647
2024-10-25 17:22:31,19102,15176
2024-10-25 17:22:32,16808,228332
2024-10-25 17:22:33,2697,128
2024-10-25 17:22:34,9144,12725
2024-10-25 17:22:35,3857,1798
2024-10-25 17:22:36,142,4463
2024-10-25 17:22:37,1803,1808
2024-10-25 17:22:38,4590,194557
2024-10-25 17:22:39,10589,1439
2024-10-25 17:22:40,35536,17488
2024-10-25 17:22:42,2596,25447
2024-10-25 17:22:43,0,60
2024-10-25 17:22:44,5852,8679
2024-10-25 17:22:45,7145,27182
2024-10-25 17:22:46,15784,63988
2024-10-25 17:22:47,12216,1196
2024-10-25 17:22:48,960,1464
2024-10-25 17:22:49,9294,11812
2024-10-25 17:22:50,22080,5076
2024-10-25 17:22:51,2648,1215
2024-10-25 17:22:52,2648,275
2024-10-25 17:22:53,163,246
2024-10-25 17:22:54,5090,203498
2024-10-25 17:22:55,7787,8456
2024-10-25 17:22:56,5088,424
2024-10-25 17:22:57,55,126
2024-10-25 17:22:58,8990,1497
2024-10-25 17:22:59,714,955
2024-10-25 17:23:00,22141,207484
2024-10-25 17:23:01,3714,2144
2024-10-25 17:23:02,109,840
2024-10-25 17:23:03,3720,961
2024-10-25 17:23:04,0,0
2024-10-25 17:23:05,11961,922
2024-10-25 17:23:06,3534,29965
2024-10-25 17:23:07,22557,22873
2024-10-25 17:23:08,4309,1463
2024-10-25 17:23:09,542,598
2024-10-25 17:23:10,792,872
2024-10-25 17:23:11,268,1241
2024-10-25 17:23:12,422,519
2024-10-25 17:23:13,15857,13445
2024-10-25 17:23:14,18922,217748
2024-10-25 17:23:15,9378,7789
2024-10-25 17:23:16,13507,4354
2024-10-25 17:23:17,680,2200
2024-10-25 17:23:18,831,842
2024-10-25 17:23:19,70,60
2024-10-25 17:23:20,2374,6337
2024-10-25 17:23:21,674,562
2024-10-25 17:23:22,26075,213451
2024-10-25 17:23:23,0,120
2024-10-25 17:23:24,11397,7291
2024-10-25 17:23:25,475,763
2024-10-25 17:23:26,6762,2458
2024-10-25 17:23:27,5881,8101
2024-10-25 17:23:28,7409,203135
2024-10-25 17:23:29,3754,1831
2024-10-25 17:23:30,230,410
2024-10-25 17:23:31,8789,7295
2024-10-25 17:23:32,506,2210
2024-10-25 17:23:33,3580,30389
2024-10-25 17:23:34,17406,22702
2024-10-25 17:23:35,441832,442966
2024-10-25 17:23:36,1459,5793
2024-10-25 17:23:37,7596,6686
2024-10-25 17:23:38,1464,448
2024-10-25 17:23:39,181,346
2024-10-25 17:23:40,13372,215920
2024-10-25 17:23:41,420,546
2024-10-25 17:23:42,16781,39997
2024-10-25 17:23:43,4389,903
2024-10-25 17:23:44,12931,22910
2024-10-25 17:23:45,342,1776
2024-10-25 17:23:46,240,280
2024-10-25 17:23:47,9768,11489
2024-10-25 17:23:48,444,537
2024-10-25 17:23:49,7855,218650
2024-10-25 17:23:50,710,721
2024-10-25 17:23:51,117,410
2024-10-25 17:23:52,395,420
2024-10-25 17:23:53,137,139
2024-10-25 17:23:54,46,60
2024-10-25 17:23:55,6915,30481
2024-10-25 17:23:56,126,188
2024-10-25 17:23:57,630,642
2024-10-25 17:23:58,4461,203156
2024-10-25 17:23:59,550,1058
2024-10-25 17:24:00,0,60
2024-10-25 17:24:01,7004,1521
2024-10-25 17:24:02,126,194
2024-10-25 17:24:03,0,0
2024-10-25 17:24:04,137,199
2024-10-25 17:24:05,6802,26365
2024-10-25 17:24:06,958,4767
2024-10-25 17:24:07,201,187
2024-10-25 17:24:08,6447,2186
2024-10-25 17:24:09,2093,2475
2024-10-25 17:24:10,667,786
2024-10-25 17:24:11,251,307
2024-10-25 17:24:12,9927,198982
2024-10-25 17:24:13,491,494
2024-10-25 17:24:14,1009,1556
2024-10-25 17:24:15,13403,42506
2024-10-25 17:24:16,3559,1208
2024-10-25 17:24:17,3594,2024
2024-10-25 17:24:18,265,336
2024-10-25 17:24:19,0,0
2024-10-25 17:24:20,13893,238242
2024-10-25 17:24:21,2390,8302
2024-10-25 17:24:22,163,313
2024-10-25 17:24:23,113,128
2024-10-25 17:24:24,3264,279
2024-10-25 17:24:25,10753,44215
2024-10-25 17:24:26,4194,2102
2024-10-25 17:24:27,882,986
2024-10-25 17:24:28,873,332
2024-10-25 17:24:29,1063,2007
2024-10-25 17:24:30,2843,8323
2024-10-25 17:24:31,25966,24063
2024-10-25 17:24:32,9433,241759
2024-10-25 17:24:33,4644,5982
2024-10-25 17:24:34,7610,8511
2024-10-25 17:24:35,742,929
2024-10-25 17:24:36,192,4602
2024-10-25 17:24:37,12491,7209
2024-10-25 17:24:39,39033,317909
2024-10-25 17:24:40,3780,4175
2024-10-25 17:24:41,22341,6841
2024-10-25 17:24:42,554,1171
2024-10-25 17:24:43,213,260
2024-10-25 17:24:44,621,1160
2024-10-25 17:24:45,21015,972
2024-10-25 17:24:46,5635,75293
2024-10-25 17:24:47,3456,800
2024-10-25 17:24:48,5143,4945
2024-10-25 17:24:49,1157,989
2024-10-25 17:24:50,14713,241831
2024-10-25 17:24:51,434,1850
2024-10-25 17:24:52,71,68
2024-10-25 17:24:53,3539,45752
2024-10-25 17:24:54,3744,4784
2024-10-25 17:24:55,10924,12611
2024-10-25 17:24:56,42629,256839
2024-10-25 17:24:57,534,188
2024-10-25 17:24:58,87,1043
2024-10-25 17:24:59,7141,811
2024-10-25 17:25:00,150,570
2024-10-25 17:25:01,368,372
2024-10-25 17:25:02,4792,206146
2024-10-25 17:25:03,109,818
2024-10-25 17:25:04,126,306
2024-10-25 17:25:05,3322,598
2024-10-25 17:25:06,6052,5873
2024-10-25 17:25:07,530,556
2024-10-25 17:25:08,23872,216523
2024-10-25 17:25:09,1381,1581
2024-10-25 17:25:10,35365,36854
2024-10-25 17:25:11,10046,6902
2024-10-25 17:25:12,14543,21210
2024-10-25 17:25:13,142,196
2024-10-25 17:25:14,6247,355
2024-10-25 17:25:15,15935,40854
2024-10-25 17:25:16,186,134
2024-10-25 17:25:17,8177,2274
2024-10-25 17:25:18,7319,5798
2024-10-25 17:25:19,90,150
2024-10-25 17:25:20,21314,252598
2024-10-25 17:25:21,161,217
2024-10-25 17:25:22,14999,1947
2024-10-25 17:25:23,463,60
2024-10-25 17:25:24,177,1328
2024-10-25 17:25:25,6968,37511
2024-10-25 17:25:26,27593,18572
2024-10-25 17:25:27,31581,47041
2024-10-25 17:25:28,41695,53006
2024-10-25 17:25:29,51100,42382
2024-10-25 17:25:30,46303,26051
2024-10-25 17:25:31,70715,23225
2024-10-25 17:25:32,67980,49213
2024-10-25 17:25:33,43405,133401
2024-10-25 17:25:34,33125,131523
2024-10-25 17:25:35,41486,38372
2024-10-25 17:25:36,38383,89688
2024-10-25 17:25:37,310572,38388223
2024-10-25 17:25:38,757101,110127665
2024-10-25 17:25:39,729633,119910431
2024-10-25 17:25:40,736728,121096706
2024-10-25 17:25:41,38984728,36055884
2024-10-25 17:25:42,98443151,1878634
2024-10-25 17:25:43,20394201,440280
2024-10-25 17:25:44,7807,170660
2024-10-25 17:25:45,32498,119365
2024-10-25 17:25:46,56085,64874
2024-10-25 17:25:47,97320,145256
2024-10-25 17:25:48,86947,88104
2024-10-25 17:25:49,143462,42433
2024-10-25 17:25:50,105812,63253
2024-10-25 17:25:51,30449,243277
2024-10-25 17:25:52,17184,151388
2024-10-25 17:25:53,6177,61266
2024-10-25 17:25:54,11350,85463
2024-10-25 17:25:55,16848,124919
2024-10-25 17:25:56,18033,202900
2024-10-25 17:25:57,49610,293422
2024-10-25 17:25:58,21562,167478
2024-10-25 17:25:59,9805,252294
2024-10-25 17:26:00,4374,162277
2024-10-25 17:26:01,1468,30688
2024-10-25 17:26:02,4307,49041
2024-10-25 17:26:03,9679,64693
2024-10-25 17:26:04,7283,110949
2024-10-25 17:26:05,5884,95869
2024-10-25 17:26:06,7685,33786
2024-10-25 17:26:07,12398,52689
2024-10-25 17:26:08,15798,92880
2024-10-25 17:26:09,3355,158060
2024-10-25 17:26:10,12749,156322
2024-10-25 17:26:11,34549,94310
2024-10-25 17:26:12,37379,300348
2024-10-25 17:26:13,37340,202985
2024-10-25 17:26:14,12384,207440
2024-10-25 17:26:15,17620,190404
2024-10-25 17:26:16,5702,134302
2024-10-25 17:26:17,43479,180698
2024-10-25 17:26:18,34465,106399
2024-10-25 17:26:19,24249,139254
2024-10-25 17:26:20,17644,129325
2024-10-25 17:26:21,19487,96608
2024-10-25 17:26:22,5666,141522
2024-10-25 17:26:23,42616,129253
2024-10-25 17:26:25,35565,102381
2024-10-25 17:26:26,72925,180866
2024-10-25 17:26:27,72956,257351
2024-10-25 17:26:28,18842,140564
2024-10-25 17:26:29,6112,96971
2024-10-25 17:26:30,13144,73238
2024-10-25 17:26:31,9364,184581
2024-10-25 17:26:32,39819,184298
2024-10-25 17:26:33,22840,208470
2024-10-25 17:26:34,14043,100120
2024-10-25 17:26:35,7144,105203
2024-10-25 17:26:36,57061,227235
2024-10-25 17:26:37,57970,381969
2024-10-25 17:26:38,81589,231063
Timestamp,Bytes Sent,Bytes Received
2024-10-25 18:11:05,23452,14938
2024-10-25 18:11:06,8028,2106
2024-10-25 18:11:07,4205,1272
2024-10-25 18:11:08,2160,448
2024-10-25 18:11:09,11266,10889
2024-10-25 18:11:10,545,551
2024-10-25 18:11:11,213,204
2024-10-25 18:11:12,55600,1039729
2024-10-25 18:11:13,149396,1018481
2024-10-25 18:11:14,71846,1758542
2024-10-25 18:11:15,54212,190040
2024-10-25 18:11:16,16630,11768
2024-10-25 18:11:17,30949,293302
2024-10-25 18:11:18,9570,2878
2024-10-25 18:11:19,13848,15944
2024-10-25 18:11:20,1457,8849
2024-10-25 18:11:21,12289,6312
2024-10-25 18:11:22,11490,1504
2024-10-25 18:11:23,3691,5942
2024-10-25 18:11:24,605202,10499
2024-10-25 18:11:25,2292,12192
2024-10-25 18:11:26,8668,269912
2024-10-25 18:11:27,8052,6589
2024-10-25 18:11:28,4584,218391
2024-10-25 18:11:29,197,735
2024-10-25 18:11:30,1609,279
2024-10-25 18:11:31,5037,150994
2024-10-25 18:11:32,1728,70079
2024-10-25 18:11:33,1354,6339
2024-10-25 18:11:34,568,596
2024-10-25 18:11:35,7246,46794
2024-10-25 18:11:36,8705,3374
2024-10-25 18:11:37,8424,262874
2024-10-25 18:11:38,125,323
2024-10-25 18:11:39,180,192
2024-10-25 18:11:40,3799,871
2024-10-25 18:11:41,5308,258120
2024-10-25 18:11:42,23029,1095
2024-10-25 18:11:43,13883,15862
2024-10-25 18:11:44,4383,1459
2024-10-25 18:11:45,3850,1574
2024-10-25 18:11:46,3767,2130
2024-10-25 18:11:47,747,1046
2024-10-25 18:11:48,3854,1050
2024-10-25 18:11:49,8332,266163
2024-10-25 18:11:50,7213,12248
2024-10-25 18:11:51,13783,30573
2024-10-25 18:11:53,2427,2434
2024-10-25 18:11:54,5659,223022
2024-10-25 18:11:55,4433,6712
2024-10-25 18:11:56,10013,12785
2024-10-25 18:11:57,54,0
2024-10-25 18:11:58,5332,217727
2024-10-25 18:11:59,495,594
2024-10-25 18:12:00,1082,589
2024-10-25 18:12:01,12674,51124
2024-10-25 18:12:02,394,460
2024-10-25 18:12:03,268,267
2024-10-25 18:12:04,16746,260269
2024-10-25 18:12:05,7583,8502
2024-10-25 18:12:06,1537,1283
2024-10-25 18:12:07,339,353
2024-10-25 18:12:08,255,403
2024-10-25 18:12:09,2145,496
2024-10-25 18:12:10,15924,2450
2024-10-25 18:12:11,8892,6297
2024-10-25 18:12:12,19866,438620
2024-10-25 18:12:13,14129,15995
2024-10-25 18:12:14,8742,16829
2024-10-25 18:12:15,7375,54814
2024-10-25 18:12:16,6417,2637
2024-10-25 18:12:17,154,272
2024-10-25 18:12:18,1881,4581
2024-10-25 18:12:19,17314,296213
2024-10-25 18:12:20,18569,9010
2024-10-25 18:12:21,126,345
2024-10-25 18:12:22,249,685
2024-10-25 18:12:23,8894,1701
2024-10-25 18:12:24,7160,1050
2024-10-25 18:12:25,217,253
2024-10-25 18:12:26,624,769
2024-10-25 18:12:27,643,655
2024-10-25 18:12:28,19288,416752
2024-10-25 18:12:29,5007,3907
2024-10-25 18:12:30,251,516
2024-10-25 18:12:31,2624,281
2024-10-25 18:12:32,0,60
2024-10-25 18:12:33,9400,210078
2024-10-25 18:12:34,448,44441
2024-10-25 18:12:35,3811,872
2024-10-25 18:12:36,163,332
2024-10-25 18:12:37,4911,275
2024-10-25 18:12:38,259,327
2024-10-25 18:12:39,1202,543
2024-10-25 18:12:40,206,644
2024-10-25 18:12:41,282,336
2024-10-25 18:12:42,13760,412433
2024-10-25 18:12:43,7466,14521
2024-10-25 18:12:44,743,772
2024-10-25 18:12:45,414,454
2024-10-25 18:12:46,7068,1927
2024-10-25 18:12:47,11532,239997
2024-10-25 18:12:48,12746,18401
2024-10-25 18:12:49,5927,15591
2024-10-25 18:12:50,55,126
2024-10-25 18:12:51,5828,4697
2024-10-25 18:12:52,16641,31496
2024-10-25 18:12:53,5738,7140
2024-10-25 18:12:54,12712,17347
2024-10-25 18:12:55,9756,11779
2024-10-25 18:12:56,13674,238104
2024-10-25 18:12:57,143,527
2024-10-25 18:12:58,7218,8325
2024-10-25 18:12:59,167,127
2024-10-25 18:13:00,2891,553
2024-10-25 18:13:01,7454,217083
2024-10-25 18:13:02,18927,4994
2024-10-25 18:13:03,0,4337
2024-10-25 18:13:04,8413,7073
2024-10-25 18:13:05,71,66
2024-10-25 18:13:06,8388,7158
2024-10-25 18:13:07,9641,217104
2024-10-25 18:13:08,3035,1078
2024-10-25 18:13:09,4278,2138
2024-10-25 18:13:10,19399,5733
2024-10-25 18:13:11,424,590
2024-10-25 18:13:12,7955,32414
2024-10-25 18:13:13,532,568
2024-10-25 18:13:14,11089,7585
2024-10-25 18:13:15,2069,370
2024-10-25 18:13:16,129,314
2024-10-25 18:13:17,3877,917
2024-10-25 18:13:18,9445,221680
2024-10-25 18:13:19,1195,834
2024-10-25 18:13:20,339,455
2024-10-25 18:13:21,298,326
2024-10-25 18:13:22,3541,43908
2024-10-25 18:13:23,2843,794
2024-10-25 18:13:24,54,120
2024-10-25 18:13:25,3740,1064
2024-10-25 18:13:26,3757,5780
2024-10-25 18:13:27,4027,1211
2024-10-25 18:13:28,559,658
2024-10-25 18:13:29,5059,521
2024-10-25 18:13:30,1437,2029
2024-10-25 18:13:31,4872,217835
2024-10-25 18:13:32,4821,1218
2024-10-25 18:13:33,5053,4812
2024-10-25 18:13:34,288,271
2024-10-25 18:13:35,284,335
2024-10-25 18:13:36,234,510
2024-10-25 18:13:37,8544,215457
2024-10-25 18:13:38,2876,606
2024-10-25 18:13:39,484,448
2024-10-25 18:13:40,4126,31512
2024-10-25 18:13:41,6030,6196
2024-10-25 18:13:42,7115,1334
2024-10-25 18:13:43,5502,10970
2024-10-25 18:13:44,4848,31761
2024-10-25 18:13:45,213,261
2024-10-25 18:13:46,2624,275
2024-10-25 18:13:47,3538,1694
2024-10-25 18:13:48,567,666
2024-10-25 18:13:49,9943,202259
2024-10-25 18:13:50,580,828
2024-10-25 18:13:51,5932,15380
2024-10-25 18:13:53,3415,706
2024-10-25 18:13:54,4983,395
2024-10-25 18:13:55,3584,29658
2024-10-25 18:13:56,4086,1711
2024-10-25 18:13:57,5910,1892
2024-10-25 18:13:58,554,626
2024-10-25 18:13:59,4996,388
2024-10-25 18:14:00,1232,463
2024-10-25 18:14:01,19014,14200
2024-10-25 18:14:02,552,710
2024-10-25 18:14:03,16535,218274
2024-10-25 18:14:04,2873,4939
2024-10-25 18:14:05,213,201
2024-10-25 18:14:06,71,127
2024-10-25 18:14:07,5038,553
2024-10-25 18:14:08,12669,25656
2024-10-25 18:14:09,1534,1073
2024-10-25 18:14:10,7017,1864
2024-10-25 18:14:11,7811,210908
2024-10-25 18:14:12,14914,15385
2024-10-25 18:14:13,20193,68168
2024-10-25 18:14:14,1428,2427
2024-10-25 18:14:15,5713,6812
2024-10-25 18:14:16,11864,902
2024-10-25 18:14:17,1052,2877
2024-10-25 18:14:18,10379,211972
2024-10-25 18:14:19,5948,3547
2024-10-25 18:14:20,5354,756
2024-10-25 18:14:21,4066,1450
2024-10-25 18:14:22,142,405
2024-10-25 18:14:23,3457,28621
2024-10-25 18:14:24,71,338
2024-10-25 18:14:25,16673,5489
2024-10-25 18:14:26,496,5485
2024-10-25 18:14:27,436,403
2024-10-25 18:14:28,488,536
2024-10-25 18:14:29,8692,8448
2024-10-25 18:14:30,556,1071
2024-10-25 18:14:31,13922,3039
2024-10-25 18:14:32,10057,220568
2024-10-25 18:14:33,3307,5077
2024-10-25 18:14:34,0,402
2024-10-25 18:14:35,2609,2119
2024-10-25 18:14:36,142,670
2024-10-25 18:14:37,55,516
2024-10-25 18:14:38,5029,594
2024-10-25 18:14:39,12343,206973
2024-10-25 18:14:40,4809,4082
2024-10-25 18:14:41,21965,8693
2024-10-25 18:14:42,24176,10711
2024-10-25 18:14:43,3588,1207
2024-10-25 18:14:44,71,291
2024-10-25 18:14:45,597,611
2024-10-25 18:14:46,9399,205742
2024-10-25 18:14:47,71,0
2024-10-25 18:14:48,11538,8890
2024-10-25 18:14:49,3669,1611
2024-10-25 18:14:50,3348,9423
2024-10-25 18:14:51,4927,342
2024-10-25 18:14:52,4149,7953
2024-10-25 18:14:53,7248,29983
2024-10-25 18:14:54,146,962
2024-10-25 18:14:55,2929,602
2024-10-25 18:14:56,3648,1132
2024-10-25 18:14:57,212,618
2024-10-25 18:14:58,9781,14478
2024-10-25 18:14:59,4797,211653
2024-10-25 18:15:00,8399,1958
2024-10-25 18:15:01,1245,3480
2024-10-25 18:15:02,3425,778
2024-10-25 18:15:03,12585,21953
2024-10-25 18:15:04,4392,3497
2024-10-25 18:15:05,10277,1590
2024-10-25 18:15:06,11920,7004
2024-10-25 18:15:07,7222,214369
2024-10-25 18:15:08,14001,15862
2024-10-25 18:15:09,2845,1636
2024-10-25 18:15:10,6734,1018
2024-10-25 18:15:11,1125,3358
2024-10-25 18:15:12,6859,1038
2024-10-25 18:15:13,10624,35461
2024-10-25 18:15:14,756,2708
2024-10-25 18:15:15,7799,1847
2024-10-25 18:15:16,21830,9172
2024-10-25 18:15:17,24893,15172
2024-10-25 18:15:18,35331,176568
2024-10-25 18:15:19,255750,459775
2024-10-25 18:15:20,123767,127968
2024-10-25 18:15:21,8874,214296
2024-10-25 18:15:22,17788,2399
2024-10-25 18:15:23,25548,63793
2024-10-25 18:15:24,668,831
2024-10-25 18:15:25,5104,604
2024-10-25 18:15:26,341,573
2024-10-25 18:15:27,27486,208635
2024-10-25 18:15:28,3932,4851
2024-10-25 18:15:29,9344,2825
2024-10-25 18:15:30,16171,12221
2024-10-25 18:15:31,8787,28140
2024-10-25 18:15:32,7138,3113
2024-10-25 18:15:33,3591,5471
2024-10-25 18:15:34,208,266
2024-10-25 18:15:35,3794,645
2024-10-25 18:15:36,0,146
2024-10-25 18:15:37,6703,217709
2024-10-25 18:15:38,4999,349
2024-10-25 18:15:39,281,245
2024-10-25 18:15:40,3999,3199
2024-10-25 18:15:41,0,60
2024-10-25 18:15:42,5041,35753
2024-10-25 18:15:43,5265,1059
2024-10-25 18:15:44,7352,1945
2024-10-25 18:15:45,635,2765
2024-10-25 18:15:46,1295,5540
2024-10-25 18:15:47,4956,4712
2024-10-25 18:15:48,130,143
2024-10-25 18:15:49,501,582
2024-10-25 18:15:50,9584,5793
2024-10-25 18:15:51,18628,227382
2024-10-25 18:15:52,3523,803
2024-10-25 18:15:54,2937,896
2024-10-25 18:15:55,4481,5432
2024-10-25 18:15:56,4963,462
2024-10-25 18:15:57,4605,3935
2024-10-25 18:15:58,489,1166
2024-10-25 18:15:59,5737,212602
2024-10-25 18:16:00,5131,6617
2024-10-25 18:16:01,2786,475
2024-10-25 18:16:02,126,891
2024-10-25 18:16:03,12155,3473
2024-10-25 18:16:04,155284,234030
2024-10-25 18:16:05,27270,287816
2024-10-25 18:16:06,43331,224002
2024-10-25 18:16:07,11793,29615
2024-10-25 18:16:08,3174,2695
2024-10-25 18:16:09,10820,8040
2024-10-25 18:16:10,9604,14750
2024-10-25 18:16:11,5534,966
2024-10-25 18:16:12,11387,349301
2024-10-25 18:16:13,16788,446815
2024-10-25 18:16:14,724,710
2024-10-25 18:16:15,2822,696
2024-10-25 18:16:16,162,1902
2024-10-25 18:16:17,2779,481
2024-10-25 18:16:18,33562,15489
2024-10-25 18:16:19,5488,6023
2024-10-25 18:16:20,15171,204870
2024-10-25 18:16:21,109,337
2024-10-25 18:16:22,3967,1120
2024-10-25 18:16:23,1758,2155
2024-10-25 18:16:24,6437,80080
2024-10-25 18:16:25,71,67
2024-10-25 18:16:26,288,338
2024-10-25 18:16:27,9332,216904
2024-10-25 18:16:28,5470,1381
2024-10-25 18:16:29,353,343
2024-10-25 18:16:30,8807,2498
2024-10-25 18:16:31,700,557
2024-10-25 18:16:32,6994,31029
2024-10-25 18:16:33,19595,22689
2024-10-25 18:16:34,18679,597587
2024-10-25 18:16:35,9048,2197
2024-10-25 18:16:36,673,3475
2024-10-25 18:16:37,11393,207859
2024-10-25 18:16:38,6829,1104
2024-10-25 18:16:39,3515,1151
2024-10-25 18:16:40,1256,2205
2024-10-25 18:16:41,4649,6634
2024-10-25 18:16:42,2804,916
2024-10-25 18:16:43,15661,37025
2024-10-25 18:16:44,17097,21912
2024-10-25 18:16:45,7761,29554
2024-10-25 18:16:46,12481,223184
2024-10-25 18:16:47,475,3584
2024-10-25 18:16:48,6755,3891
2024-10-25 18:16:49,1490,4436
2024-10-25 18:16:50,11051,4109
2024-10-25 18:16:51,3985,1356
2024-10-25 18:16:52,33140,48517
2024-10-25 18:16:53,13382,9722
2024-10-25 18:16:54,22558,9465
2024-10-25 18:16:55,3816,5184
2024-10-25 18:16:56,5757,6087
2024-10-25 18:16:57,11619,12953
2024-10-25 18:16:58,205,2362
2024-10-25 18:16:59,21019,220623
2024-10-25 18:17:00,4588,6671
2024-10-25 18:17:01,544,1117
2024-10-25 18:17:02,13719,7630
2024-10-25 18:17:03,14866,47401
2024-10-25 18:17:04,14382,2018
2024-10-25 18:17:05,3898,6188
2024-10-25 18:17:06,12038,1219
2024-10-25 18:17:07,15351,214689
2024-10-25 18:17:08,3791,4319
2024-10-25 18:17:09,17121,10763
2024-10-25 18:17:10,2111,5878
2024-10-25 18:17:11,4993,5674
2024-10-25 18:17:12,17194,38262
2024-10-25 18:17:13,5066,2754
2024-10-25 18:17:14,490,470
2024-10-25 18:17:15,15891,6414
2024-10-25 18:17:16,209,392
2024-10-25 18:17:17,18209,208632
2024-10-25 18:17:18,3238,6231
2024-10-25 18:17:19,10566,678
2024-10-25 18:17:20,3089,6307
2024-10-25 18:17:21,6551,3794
2024-10-25 18:17:22,3456,26061
2024-10-25 18:17:23,2984,667
2024-10-25 18:17:24,1416,3216
2024-10-25 18:17:25,6050,947
2024-10-25 18:17:26,163,300
2024-10-25 18:17:27,622,2305
2024-10-25 18:17:28,5203,959
2024-10-25 18:17:29,140,142
2024-10-25 18:17:30,0,147
2024-10-25 18:17:31,10014,207490
2024-10-25 18:17:32,7521,1586
2024-10-25 18:17:33,481,4810
2024-10-25 18:17:34,5872,1590
2024-10-25 18:17:35,421,408
2024-10-25 18:17:36,168,518
2024-10-25 18:17:37,10372,1943
2024-10-25 18:17:38,12533,211620
2024-10-25 18:17:39,3020,5490
2024-10-25 18:17:40,5185,966
2024-10-25 18:17:41,3670,1190
2024-10-25 18:17:42,55,66
Timestamp,Bytes Sent,Bytes Received
2024-10-28 19:02:34,9238,824
2024-10-28 19:02:35,7109,5819
2024-10-28 19:02:36,2972,4344
2024-10-28 19:02:37,164,565
2024-10-28 19:02:38,702,862
2024-10-28 19:02:39,496,5771
2024-10-28 19:02:40,71,278
2024-10-28 19:02:41,6736,5622
2024-10-28 19:02:42,181,133
2024-10-28 19:02:43,5647,7149
2024-10-28 19:02:44,610,720
2024-10-28 19:02:45,501,521
2024-10-28 19:02:46,295,349
2024-10-28 19:02:47,4113,5689
2024-10-28 19:02:48,396,396
2024-10-28 19:02:49,113,188
2024-10-28 19:02:50,126,133
2024-10-28 19:02:51,597,498
2024-10-28 19:02:52,5451,2763
2024-10-28 19:02:53,0,60
2024-10-28 19:02:54,403,442
2024-10-28 19:02:55,2972,9771
2024-10-28 19:02:56,10815,18908
2024-10-28 19:02:57,269,381
2024-10-28 19:02:58,170,1217
2024-10-28 19:02:59,622,1068
2024-10-28 19:03:00,804,339
2024-10-28 19:03:01,363,1504
2024-10-28 19:03:02,268,267
2024-10-28 19:03:03,250,610
2024-10-28 19:03:04,4800,5754
2024-10-28 19:03:05,1618,1700
2024-10-28 19:03:06,284,550
2024-10-28 19:03:07,142,256
2024-10-28 19:03:08,7491,3271
2024-10-28 19:03:09,3613,5753
2024-10-28 19:03:10,744,713
2024-10-28 19:03:11,12810,3063
2024-10-28 19:03:12,35786,88260
2024-10-28 19:03:13,8183,6467
2024-10-28 19:03:14,1634,4027
2024-10-28 19:03:15,583,641
2024-10-28 19:03:16,16255,38149
2024-10-28 19:03:17,7388,11040
2024-10-28 19:03:18,5397,7414
2024-10-28 19:03:19,60663,2483566
2024-10-28 19:03:20,55914,562633
2024-10-28 19:03:21,92248,965120
2024-10-28 19:03:22,255280,2468501
2024-10-28 19:03:24,55183,122002
2024-10-28 19:03:25,6679,10135
2024-10-28 19:03:26,4147,4329
2024-10-28 19:03:27,14916,15013
2024-10-28 19:03:28,10536,18279
2024-10-28 19:03:29,1686,1054
2024-10-28 19:03:30,6050,6677
2024-10-28 19:03:31,59568,493321
2024-10-28 19:03:32,5350,1638
2024-10-28 19:03:33,6381,55956
2024-10-28 19:03:34,2066,1075
2024-10-28 19:03:35,2731,1318
2024-10-28 19:03:36,162,351
2024-10-28 19:03:37,272,437
2024-10-28 19:03:38,4209,989
2024-10-28 19:03:39,417,5578
2024-10-28 19:03:40,0,4603
2024-10-28 19:03:41,3506,1464
2024-10-28 19:03:42,1248,1871
2024-10-28 19:03:43,468,916
2024-10-28 19:03:44,255,243
2024-10-28 19:03:45,343,450
2024-10-28 19:03:46,71,68
2024-10-28 19:03:47,439,249
2024-10-28 19:03:48,136,454
2024-10-28 19:03:49,162,222
2024-10-28 19:03:50,9211,6833
2024-10-28 19:03:51,196,1009
2024-10-28 19:03:52,0,0
2024-10-28 19:03:53,115,279
2024-10-28 19:03:54,4384,5584
2024-10-28 19:03:55,1203,1258
2024-10-28 19:03:56,213,201
2024-10-28 19:03:57,209,272
2024-10-28 19:03:58,293,60
2024-10-28 19:03:59,125,621
2024-10-28 19:04:00,9659,15594
2024-10-28 19:04:01,1851,8297
2024-10-28 19:04:02,276,714
2024-10-28 19:04:03,2085,1852
2024-10-28 19:04:04,332,547
2024-10-28 19:04:05,4809,5673
2024-10-28 19:04:06,322,887
2024-10-28 19:04:07,16120,10501
2024-10-28 19:04:08,896,1452
2024-10-28 19:04:09,6591,8473
2024-10-28 19:04:10,7944,12456
2024-10-28 19:04:11,213,440
2024-10-28 19:04:12,239,260
2024-10-28 19:04:13,323,348
2024-10-28 19:04:14,418,561
2024-10-28 19:04:15,440,588
2024-10-28 19:04:16,220,264
2024-10-28 19:04:17,529,193
2024-10-28 19:04:18,22190,44587
2024-10-28 19:04:19,659,630
2024-10-28 19:04:20,162,341
2024-10-28 19:04:21,359,405
2024-10-28 19:04:22,436,461
2024-10-28 19:04:23,23375,82502
2024-10-28 19:04:24,37600,626635
2024-10-28 19:04:25,28406,61371
2024-10-28 19:04:26,1761,932
2024-10-28 19:04:27,1437,1247
2024-10-28 19:04:28,287,322
2024-10-28 19:04:29,145,289
2024-10-28 19:04:30,33559,2291814
2024-10-28 19:04:31,9138,379492
2024-10-28 19:04:32,3822,232092
2024-10-28 19:04:33,46,227
2024-10-28 19:04:34,8448,12991
2024-10-28 19:04:35,3215,3233
2024-10-28 19:04:36,3654,4768
2024-10-28 19:04:37,188,405
2024-10-28 19:04:38,6266,6332
2024-10-28 19:04:39,0,4694
2024-10-28 19:04:40,71,338
2024-10-28 19:04:41,0,60
2024-10-28 19:04:42,97,126
2024-10-28 19:04:43,312,943
2024-10-28 19:04:44,75,77
2024-10-28 19:04:45,1684,981
2024-10-28 19:04:46,4419,5644
2024-10-28 19:04:47,9073,59372
2024-10-28 19:04:48,190,407
2024-10-28 19:04:49,241,308
2024-10-28 19:04:50,6788,5942
2024-10-28 19:04:51,456,579
2024-10-28 19:04:52,456,529
2024-10-28 19:04:53,974,1321
2024-10-28 19:04:54,165,198
2024-10-28 19:04:55,8674,31125
2024-10-28 19:04:56,0,0
2024-10-28 19:04:57,410,554
2024-10-28 19:04:58,6418,3855
2024-10-28 19:04:59,284,1048
2024-10-28 19:05:00,875,873
2024-10-28 19:05:01,57194,55752
2024-10-28 19:05:02,1781,4089
2024-10-28 19:05:03,558,1508
2024-10-28 19:05:04,92,278
2024-10-28 19:05:05,4736,1136
2024-10-28 19:05:06,1173,2624
2024-10-28 19:05:07,43338,40582
2024-10-28 19:05:08,28443,8422
2024-10-28 19:05:09,626,5220
2024-10-28 19:05:10,394,466
2024-10-28 19:05:11,270981,19168
2024-10-28 19:05:12,11437,9280
2024-10-28 19:05:13,17343,16006
2024-10-28 19:05:14,179,310
2024-10-28 19:05:15,343,421
2024-10-28 19:05:17,4098,1392
2024-10-28 19:05:18,9616,6237
2024-10-28 19:05:19,24386,14107
2024-10-28 19:05:20,1780,3690
2024-10-28 19:05:21,213,272
2024-10-28 19:05:22,142,128
2024-10-28 19:05:23,19904,19356
2024-10-28 19:05:24,16406,21557
2024-10-28 19:05:25,7298,1992
2024-10-28 19:05:26,0,126
2024-10-28 19:05:27,2442,977
2024-10-28 19:05:28,1327,3037
2024-10-28 19:05:29,450,487
2024-10-28 19:05:30,12749,12159
2024-10-28 19:05:31,22589,9052
2024-10-28 19:05:32,10272,19021
2024-10-28 19:05:33,3574,1287
2024-10-28 19:05:34,12152,7515
2024-10-28 19:05:35,3346,3216
2024-10-28 19:05:36,284,512
2024-10-28 19:05:37,4463,5863
2024-10-28 19:05:38,782,918
2024-10-28 19:05:39,748,590
2024-10-28 19:05:40,164,4872
2024-10-28 19:05:41,485,222
2024-10-28 19:05:42,2317,867
2024-10-28 19:05:43,323,396
2024-10-28 19:05:44,304,298
2024-10-28 19:05:45,296,960
2024-10-28 19:05:46,7497,3042
2024-10-28 19:05:47,153,1319
2024-10-28 19:05:48,366,410
2024-10-28 19:05:49,3153,2503
2024-10-28 19:05:50,439,190
2024-10-28 19:05:51,54,379
2024-10-28 19:05:52,181,200
2024-10-28 19:05:53,8121,5881
2024-10-28 19:05:54,12732,15446
2024-10-28 19:05:55,7606,8166
2024-10-28 19:05:56,7605,11588
2024-10-28 19:05:57,83,139
2024-10-28 19:05:58,0,175
2024-10-28 19:05:59,31176,18949
2024-10-28 19:06:00,12116,10458
2024-10-28 19:06:01,3752,4511
2024-10-28 19:06:02,4506,5828
2024-10-28 19:06:03,7260,6948
2024-10-28 19:06:04,9706,9096
2024-10-28 19:06:05,9878,14305
2024-10-28 19:06:06,11540,12413
2024-10-28 19:06:07,8722,9704
2024-10-28 19:06:08,19991,25575
2024-10-28 19:06:09,10088,12438
2024-10-28 19:06:10,19382,13156
2024-10-28 19:06:11,11693,19443
2024-10-28 19:06:12,0,0
2024-10-28 19:06:13,5932,665
2024-10-28 19:06:14,5192,4799
2024-10-28 19:06:15,6849,7094
2024-10-28 19:06:16,6150,6955
2024-10-28 19:06:17,7402,3394
2024-10-28 19:06:18,162,162
2024-10-28 19:06:19,13394,7881
2024-10-28 19:06:20,394,404
2024-10-28 19:06:21,1784,1799
2024-10-28 19:06:22,3127,2135
2024-10-28 19:06:23,8842,8934
2024-10-28 19:06:24,12833,10908
2024-10-28 19:06:25,26657,27279
2024-10-28 19:06:26,7730,10213
2024-10-28 19:06:27,14716,19088
2024-10-28 19:06:28,6500,7000
2024-10-28 19:06:29,14279,13608
2024-10-28 19:06:30,11960,10302
2024-10-28 19:06:31,7826,11251
2024-10-28 19:06:32,12200,13574
2024-10-28 19:06:33,339,1621
2024-10-28 19:06:34,71,134
2024-10-28 19:06:35,10921,5292
2024-10-28 19:06:36,5935,7252
2024-10-28 19:06:37,1690,1941
2024-10-28 19:06:38,1670,2062
2024-10-28 19:06:39,5922,8973
2024-10-28 19:06:40,419,3039
2024-10-28 19:06:41,7657,8545
2024-10-28 19:06:42,6556,8564
2024-10-28 19:06:43,1899,2069
2024-10-28 19:06:44,8569,8673
2024-10-28 19:06:45,7985,5385
2024-10-28 19:06:46,4412,3984
2024-10-28 19:06:47,10560,13051
2024-10-28 19:06:48,12359,11716
2024-10-28 19:06:49,20526,16868
2024-10-28 19:06:50,12059,16312
2024-10-28 19:06:51,75,182
2024-10-28 19:06:52,110,132
2024-10-28 19:06:53,19395,11559
2024-10-28 19:06:54,11004,15868
2024-10-28 19:06:55,13166,11333
2024-10-28 19:06:56,20940,21935
2024-10-28 19:06:57,6181,5429
2024-10-28 19:06:58,34559,35278
2024-10-28 19:06:59,43951,48526
2024-10-28 19:07:00,1475,5782
2024-10-28 19:07:01,3226,3066
2024-10-28 19:07:02,11680,12769
2024-10-28 19:07:03,11500,15589
2024-10-28 19:07:04,15561,16016
2024-10-28 19:07:05,4833,6169
2024-10-28 19:07:06,21005,14018
2024-10-28 19:07:07,754,3280
2024-10-28 19:07:09,767,888
2024-10-28 19:07:10,24338,18762
2024-10-28 19:07:11,550,715
2024-10-28 19:07:12,2778,2364
2024-10-28 19:07:13,343,362
2024-10-28 19:07:14,106,120
2024-10-28 19:07:15,0,0
2024-10-28 19:07:16,2737,1912
2024-10-28 19:07:17,500,698
2024-10-28 19:07:18,255,324
2024-10-28 19:07:19,12011,8487
2024-10-28 19:07:20,216,566
2024-10-28 19:07:21,3940,1222
2024-10-28 19:07:22,284,332
2024-10-28 19:07:23,1185,2006
2024-10-28 19:07:24,8216,3904
2024-10-28 19:07:25,5762,7220
2024-10-28 19:07:26,1757,1652
2024-10-28 19:07:27,417,749
2024-10-28 19:07:28,826,195
2024-10-28 19:07:29,1759,3806
2024-10-28 19:07:30,27008,5885
2024-10-28 19:07:31,6841,8299
2024-10-28 19:07:32,8528,10356
2024-10-28 19:07:33,9254,10243
2024-10-28 19:07:34,5500,5717
2024-10-28 19:07:35,7870,9179
2024-10-28 19:07:36,8433,12094
2024-10-28 19:07:37,14937,18082
2024-10-28 19:07:38,9310,12471
2024-10-28 19:07:39,9447,10128
2024-10-28 19:07:40,11903,17043
2024-10-28 19:07:41,18802,17727
2024-10-28 19:07:42,684,4035
2024-10-28 19:07:43,3903,5655
2024-10-28 19:07:44,5857,345
2024-10-28 19:07:45,5314,6383
2024-10-28 19:07:46,2656,302
2024-10-28 19:07:47,88267,89216
2024-10-28 19:07:48,15642,15918
2024-10-28 19:07:49,53231,53636
2024-10-28 19:07:50,5793,434
2024-10-28 19:07:51,8161,6273
2024-10-28 19:07:52,16598,15938
2024-10-28 19:07:53,11465,12934
2024-10-28 19:07:54,23947,31648
2024-10-28 19:07:55,29315,29292
2024-10-28 19:07:56,5868,134
2024-10-28 19:07:57,20434,21797
2024-10-28 19:07:58,10352,6887
2024-10-28 19:07:59,21525,13947
2024-10-28 19:08:00,4817,28345
2024-10-28 19:08:01,252,260
2024-10-28 19:08:02,1170,2906
2024-10-28 19:08:03,19112,10282
2024-10-28 19:08:04,11722,15012
2024-10-28 19:08:05,11299,12107
2024-10-28 19:08:06,3713,3003
2024-10-28 19:08:07,10306,10033
2024-10-28 19:08:08,8941,9837
2024-10-28 19:08:09,8224,11663
2024-10-28 19:08:10,23179,23042
2024-10-28 19:08:11,18948,15541
2024-10-28 19:08:12,3859,5889
2024-10-28 19:08:13,4615,4490
2024-10-28 19:08:14,2094,1769
2024-10-28 19:08:15,2853,2916
2024-10-28 19:08:16,126,134
2024-10-28 19:08:17,5998,628
2024-10-28 19:08:18,5190,4944
2024-10-28 19:08:19,473,511
2024-10-28 19:08:20,30372,57590
2024-10-28 19:08:21,16925,25897
2024-10-28 19:08:22,1286,1600
2024-10-28 19:08:23,22379,23208
2024-10-28 19:08:24,6020,3142
2024-10-28 19:08:25,11993,39005
2024-10-28 19:08:26,302,325
2024-10-28 19:08:27,6174,647
2024-10-28 19:08:28,25461,33828
2024-10-28 19:08:29,8830,48710
2024-10-28 19:08:30,82702,1883393
2024-10-28 19:08:31,65047,974169
2024-10-28 19:08:32,115571,2373491
2024-10-28 19:08:33,90304,1885108
2024-10-28 19:08:34,9038,19388
2024-10-28 19:08:35,13633,8885
2024-10-28 19:08:36,56088,1413692
2024-10-28 19:08:37,178380,2405250
2024-10-28 19:08:38,132845,941446
2024-10-28 19:08:39,105611,516113
2024-10-28 19:08:40,134147,1015925
2024-10-28 19:08:41,38854,53533
2024-10-28 19:08:42,33080,164187
2024-10-28 19:08:43,245588,210293
2024-10-28 19:08:44,109946,99297
2024-10-28 19:08:45,61076,454410
2024-10-28 19:08:46,7260,131293
2024-10-28 19:08:47,4061,84732
2024-10-28 19:08:48,16905,241361
2024-10-28 19:08:49,25906,152900
2024-10-28 19:08:50,33768,473220
2024-10-28 19:08:51,30800,632377
2024-10-28 19:08:52,45107,34404
2024-10-28 19:08:53,17652,105063
2024-10-28 19:08:54,76670,541006
2024-10-28 19:08:55,23930,47532
2024-10-28 19:08:56,271,9037
2024-10-28 19:08:57,4476,4026
2024-10-28 19:08:58,1603,131
2024-10-28 19:08:59,316,1200
2024-10-28 19:09:00,284,272
2024-10-28 19:09:01,2352,1710
2024-10-28 19:09:03,10463,3248
2024-10-28 19:09:04,6874,1054
2024-10-28 19:09:05,8820,1486
2024-10-28 19:09:06,44533,45083
2024-10-28 19:09:07,69988,118315
2024-10-28 19:09:08,99656,99589
2024-10-28 19:09:09,66033,85874
2024-10-28 19:09:10,50602,54874
2024-10-28 19:09:11,9210,14064
2024-10-28 19:09:12,10464,15760
2024-10-28 19:09:13,19067,30035
2024-10-28 19:09:14,12145,15789
2024-10-28 19:09:15,9056,19329
2024-10-28 19:09:16,4089,4244
2024-10-28 19:09:17,908,289
2024-10-28 19:09:18,16764,25632
2024-10-28 19:09:19,9506,82863
2024-10-28 19:09:20,55427,357791
2024-10-28 19:09:21,164216,2492603
2024-10-28 19:09:22,29559,426758
2024-10-28 19:09:23,685,1249
2024-10-28 19:09:24,5427,805
2024-10-28 19:09:25,747,2009
2024-10-28 19:09:26,959,731
2024-10-28 19:09:27,28865,52460
2024-10-28 19:09:28,18217,1313
2024-10-28 19:09:29,9143,1916
2024-10-28 19:09:30,46620,6379
2024-10-28 19:09:31,25919,11062
2024-10-28 19:09:32,6095,6064
2024-10-28 19:09:33,7006,30763
2024-10-28 19:09:34,6858,45400
2024-10-28 19:09:35,8114,25261
2024-10-28 19:09:36,1471,8581
2024-10-28 19:09:37,17218,6340
2024-10-28 19:09:38,6940,21477
2024-10-28 19:09:39,10826,5787
2024-10-28 19:09:40,270,1178
2024-10-28 19:09:41,7971,53105
2024-10-28 19:09:42,8683,57327
2024-10-28 19:09:43,13059,36393
2024-10-28 19:09:44,18598,103655
2024-10-28 19:09:45,923,20881
2024-10-28 19:09:46,14266,31689
2024-10-28 19:09:47,4886,54014
2024-10-28 19:09:48,10433,6054
2024-10-28 19:09:49,1197,1970
2024-10-28 19:09:50,756,772
2024-10-28 19:09:51,1347,1644
2024-10-28 19:09:52,296,388
2024-10-28 19:09:53,5982,2576
2024-10-28 19:09:54,180,2727
2024-10-28 19:09:55,4257,5699
2024-10-28 19:09:56,5700,3504
2024-10-28 19:09:57,24846,11671
2024-10-28 19:09:58,0,0
2024-10-28 19:09:59,687,246
2024-10-28 19:10:00,5378,3037
2024-10-28 19:10:01,0,60
2024-10-28 19:10:02,0,0
2024-10-28 19:10:03,9129,1072
2024-10-28 19:10:04,501,810
2024-10-28 19:10:05,353,416
2024-10-28 19:10:06,12272,1377
2024-10-28 19:10:07,2065,913
2024-10-28 19:10:08,1577,5172
2024-10-28 19:10:09,142,4465
2024-10-28 19:10:10,354,456
2024-10-28 19:10:11,487,519
2024-10-28 19:10:12,14427,10085
2024-10-28 19:10:13,3727,1612
2024-10-28 19:10:14,390,332
2024-10-28 19:10:15,1456,1027
2024-10-28 19:10:16,236,266
2024-10-28 19:10:17,3541,1191
2024-10-28 19:10:18,339,338
2024-10-28 19:10:19,9033,805
2024-10-28 19:10:20,7316,2880
2024-10-28 19:10:21,71,128
2024-10-28 19:10:22,347,393
2024-10-28 19:10:23,182,721
2024-10-28 19:10:24,55,181
2024-10-28 19:10:25,266,456
2024-10-28 19:10:26,1040,2555
2024-10-28 19:10:27,8610,7320
2024-10-28 19:10:28,2951,6317
2024-10-28 19:10:29,1642,473
2024-10-28 19:10:30,23818,4445
2024-10-28 19:10:31,1576,402
2024-10-28 19:10:32,3681,17115
2024-10-28 19:10:33,10911,11610
2024-10-28 19:10:34,71,128
2024-10-28 19:10:35,75,241
2024-10-28 19:10:36,2835,510
2024-10-28 19:10:37,267,4551
2024-10-28 19:10:38,560,923
2024-10-28 19:10:39,1173,5495
2024-10-28 19:10:40,521,958
2024-10-28 19:10:41,40523,40134
2024-10-28 19:10:42,42048,582565
2024-10-28 19:10:43,8162,1693
2024-10-28 19:10:44,567,1349
2024-10-28 19:10:45,7373,2876
2024-10-28 19:10:46,14490,3689
2024-10-28 19:10:47,66031,487941
2024-10-28 19:10:48,142793,2465371
2024-10-28 19:10:49,1583,1181
2024-10-28 19:10:50,9685,6709
2024-10-28 19:10:51,15569,806
2024-10-28 19:10:52,17458,2918
2024-10-28 19:10:53,7508,612
2024-10-28 19:10:54,790,1358
2024-10-28 19:10:55,253,312
2024-10-28 19:10:56,37911,17933
2024-10-28 19:10:57,138,7303
2024-10-28 19:10:59,108,153
2024-10-28 19:11:00,4792,1007
2024-10-28 19:11:01,4049,696
2024-10-28 19:11:02,13773,16887
2024-10-28 19:11:03,1664,834
2024-10-28 19:11:04,31707,282596
2024-10-28 19:11:05,177,271
2024-10-28 19:11:06,10390,7260
2024-10-28 19:11:07,16607,5425
2024-10-28 19:11:08,14388,13136
2024-10-28 19:11:09,560,2016
2024-10-28 19:11:10,1682,5065
2024-10-28 19:11:11,3182,3122
2024-10-28 19:11:12,141,186
2024-10-28 19:11:13,125,150
2024-10-28 19:11:14,15899,23131
2024-10-28 19:11:15,33626,33525
2024-10-28 19:11:16,2802,3247
2024-10-28 19:11:17,20846,5642
2024-10-28 19:11:18,7696,12795
2024-10-28 19:11:19,4531,1965
2024-10-28 19:11:20,10591,8389
2024-10-28 19:11:21,1408,2503
2024-10-28 19:11:22,2647,946
2024-10-28 19:11:23,3647,1271
2024-10-28 19:11:24,2831,2963
2024-10-28 19:11:25,516,842
2024-10-28 19:11:26,6350,5091
2024-10-28 19:11:27,3969,5864
2024-10-28 19:11:28,1822,258
2024-10-28 19:11:29,14258,10716
2024-10-28 19:11:30,32559,26224
2024-10-28 19:11:31,13550,13402
2024-10-28 19:11:32,9009,14969
2024-10-28 19:11:33,5077,4914
2024-10-28 19:11:34,2784,3085
2024-10-28 19:11:35,4698,5015
2024-10-28 19:11:36,9368,8459
2024-10-28 19:11:37,22363,21194
2024-10-28 19:11:38,8926,40995
2024-10-28 19:11:39,14128,15751
2024-10-28 19:11:40,4966,5954
2024-10-28 19:11:41,10788,7535
2024-10-28 19:11:42,580,2773
2024-10-28 19:11:43,7346,6923
2024-10-28 19:11:44,140,234
2024-10-28 19:11:45,4144,7385
2024-10-28 19:11:46,2047,3819
2024-10-28 19:11:47,402,443
2024-10-28 19:11:48,82,138
2024-10-28 19:11:49,13766,5563
2024-10-28 19:11:50,284,2451
2024-10-28 19:11:51,14681,12816
2024-10-28 19:11:52,71,68
2024-10-28 19:11:53,0,60
2024-10-28 19:11:54,14626,8360
2024-10-28 19:11:55,378,687
2024-10-28 19:11:56,1412,2414
2024-10-28 19:11:57,638,802
2024-10-28 19:11:58,2459,1642
2024-10-28 19:11:59,8139,822
2024-10-28 19:12:00,353,414
2024-10-28 19:12:01,5071,6592
2024-10-28 19:12:02,232,251
2024-10-28 19:12:03,3973,1614
2024-10-28 19:12:04,392,604
2024-10-28 19:12:05,809,828
2024-10-28 19:12:06,168,194
2024-10-28 19:12:07,2960,2722
2024-10-28 19:12:08,126,134
2024-10-28 19:12:09,0,4397
2024-10-28 19:12:10,8741,4339
2024-10-28 19:12:11,5617,7858
2024-10-28 19:12:12,1790,2382
2024-10-28 19:12:13,7458,2893
2024-10-28 19:12:14,5037,5677
2024-10-28 19:12:15,2821,620
2024-10-28 19:12:16,195,208
2024-10-28 19:12:17,1851,2071
2024-10-28 19:12:18,8512,2645
2024-10-28 19:12:19,5886,3305
2024-10-28 19:12:20,2692,2927
2024-10-28 19:12:21,4758,3606
2024-10-28 19:12:22,36170,251806
2024-10-28 19:12:23,11025,3427
2024-10-28 19:12:24,113,110
2024-10-28 19:12:25,55,126
2024-10-28 19:12:26,2039,976
2024-10-28 19:12:27,96,190
2024-10-28 19:12:28,140,142
2024-10-28 19:12:29,248,313
2024-10-28 19:12:30,19439,11836
2024-10-28 19:12:31,588,802
2024-10-28 19:12:32,553,986
2024-10-28 19:12:33,225,423
2024-10-28 19:12:34,2097,762
2024-10-28 19:12:35,10283,2128
2024-10-28 19:12:36,55,66
2024-10-28 19:12:37,7714,74681
2024-10-28 19:12:38,2190,2820
2024-10-28 19:12:39,163,4977
2024-10-28 19:12:40,163,444
2024-10-28 19:12:41,141,186
2024-10-28 19:12:42,3464,512
2024-10-28 19:12:43,4020,5452
2024-10-28 19:12:44,71,134
2024-10-28 19:12:45,3687,5053
2024-10-28 19:12:46,874,1159
2024-10-28 19:12:47,1707,1663
2024-10-28 19:12:48,34104,14727
2024-10-28 19:12:49,8216,1279
2024-10-28 19:12:51,5683,1477
2024-10-28 19:12:52,2253,51031
2024-10-28 19:12:53,243,202
2024-10-28 19:12:54,25708,2197
2024-10-28 19:12:55,998,803
2024-10-28 19:12:56,4058,9242
2024-10-28 19:12:57,6773,12911
2024-10-28 19:12:58,5073,6833
2024-10-28 19:12:59,11864,25244
2024-10-28 19:13:00,934545,48880768
2024-10-28 19:13:01,903388,44408016
2024-10-28 19:13:02,789582,40050104
2024-10-28 19:13:03,543605,30176061
2024-10-28 19:13:04,824558,39592754
2024-10-28 19:13:05,682270,38160769
2024-10-28 19:13:06,659535,40001387
2024-10-28 19:13:07,592679,36835165
2024-10-28 19:13:08,580437,39217085
2024-10-28 19:13:09,457362,27789566
2024-10-28 19:13:10,56472213,623782
2024-10-28 19:13:11,35169835,386525
2024-10-28 19:13:12,44686045,534717
2024-10-28 19:13:13,26355847,277285
2024-10-28 19:13:14,425,995
2024-10-28 19:13:15,0,60
2024-10-28 19:13:16,9578,12583
2024-10-28 19:13:17,5459,1168
2024-10-28 19:13:18,797,2340
2024-10-28 19:13:19,2466,2739
2024-10-28 19:13:20,19713,19220
2024-10-28 19:13:21,82199,82339
2024-10-28 19:13:22,55804,45389
2024-10-28 19:13:23,214813,214467
2024-10-28 19:13:24,32801,21540
2024-10-28 19:13:25,1957,3712
2024-10-28 19:13:26,199,775
2024-10-28 19:13:27,7325,1214
2024-10-28 19:13:28,1006,2692
2024-10-28 19:13:29,237,262
2024-10-28 19:13:30,16608,14042
2024-10-28 19:13:31,9498,225821
2024-10-28 19:13:32,4315,7211
2024-10-28 19:13:33,1066,1126
2024-10-28 19:13:34,4536,1277
2024-10-28 19:13:35,1083,2149
2024-10-28 19:13:36,1512,1494
2024-10-28 19:13:37,5773,8192
2024-10-28 19:13:38,51316,158086
2024-10-28 19:13:39,3445,7935
2024-10-28 19:13:40,292,266
2024-10-28 19:13:41,0,60
2024-10-28 19:13:42,126,68
2024-10-28 19:13:43,5517,5645
2024-10-28 19:13:44,265,317
2024-10-28 19:13:45,522,2935
2024-10-28 19:13:46,26850,28089
2024-10-28 19:13:47,12142,1101
2024-10-28 19:13:48,989,586
2024-10-28 19:13:49,636,868
2024-10-28 19:13:50,35746,31806
2024-10-28 19:13:51,612,1536
2024-10-28 19:13:52,26233,174905
2024-10-28 19:13:53,7042,26098
2024-10-28 19:13:54,1711,43678
2024-10-28 19:13:55,565,653
2024-10-28 19:13:56,4130,5478
2024-10-28 19:13:57,23657,23611
2024-10-28 19:13:58,76186,281848
2024-10-28 19:13:59,17214,15024
2024-10-28 19:14:00,2908,6908
2024-10-28 19:14:01,176680,2450949
2024-10-28 19:14:02,1775,26540
2024-10-28 19:14:03,54,175
2024-10-28 19:14:04,0,115
2024-10-28 19:14:05,12164,12174
2024-10-28 19:14:06,651,673
2024-10-28 19:14:07,286,486
2024-10-28 19:14:08,0,0
2024-10-28 19:14:09,244792,7347
2024-10-28 19:14:10,7614,4357
2024-10-28 19:14:11,347,436
2024-10-28 19:14:12,6372,8423
2024-10-28 19:14:13,4674,5218
2024-10-28 19:14:14,3813,4480
2024-10-28 19:14:15,757,1158
2024-10-28 19:14:16,55,66
2024-10-28 19:14:17,2213,547
2024-10-28 19:14:18,28207,2752
2024-10-28 19:14:19,2906,582
2024-10-28 19:14:20,4518,5724
2024-10-28 19:14:21,255,666
2024-10-28 19:14:22,418,383
2024-10-28 19:14:23,1214,1356
2024-10-28 19:14:24,7573,7703
2024-10-28 19:14:25,108,233
2024-10-28 19:14:26,3976,4649
2024-10-28 19:14:27,22165,22243
2024-10-28 19:14:28,19678,15081
2024-10-28 19:14:29,319,676
2024-10-28 19:14:30,62939,342673
2024-10-28 19:14:31,20889,48471
2024-10-28 19:14:32,149642,2510383
2024-10-28 19:14:33,1928,1574
2024-10-28 19:14:34,308,492
2024-10-28 19:14:35,162,363
2024-10-28 19:14:36,108,166
2024-10-28 19:14:37,10521,5696
2024-10-28 19:14:38,2772,1762
2024-10-28 19:14:39,1903,7454
2024-10-28 19:14:40,392,656
2024-10-28 19:14:41,3692,1383
2024-10-28 19:14:42,213,204
2024-10-28 19:14:43,35380,26879
2024-10-28 19:14:45,23552,273777
2024-10-28 19:14:46,9233,35940
2024-10-28 19:14:47,2368,3766
2024-10-28 19:14:48,49700,291010
2024-10-28 19:14:49,146090,2499688
2024-10-28 19:14:50,1378,2273
2024-10-28 19:14:51,38865,85061
2024-10-28 19:14:52,91058,39376
2024-10-28 19:14:53,71,68
2024-10-28 19:14:54,201,291
2024-10-28 19:14:55,1575,1666
2024-10-28 19:14:56,197,262
2024-10-28 19:14:57,9294,863
2024-10-28 19:14:58,13633,6339
2024-10-28 19:14:59,22519,3646
2024-10-28 19:15:00,520,1415
2024-10-28 19:15:01,25466,9597
2024-10-28 19:15:02,18202,779156
2024-10-28 19:15:03,11644,2010
2024-10-28 19:15:04,19857,2609
2024-10-28 19:15:05,4926,2939
2024-10-28 19:15:06,7889,265
2024-10-28 19:15:07,4397,1591
2024-10-28 19:15:08,126,619
2024-10-28 19:15:09,1831,6016
2024-10-28 19:15:10,293,505
2024-10-28 19:15:11,54,544
2024-10-28 19:15:12,324,781
2024-10-28 19:15:13,113,358
2024-10-28 19:15:14,3683,277
2024-10-28 19:15:15,6018,8072
2024-10-28 19:15:16,6394,7719
2024-10-28 19:15:17,6766,5705
2024-10-28 19:15:18,5165,1424
2024-10-28 19:15:19,574,2269
2024-10-28 19:15:20,10436,733
2024-10-28 19:15:21,455,2371
2024-10-28 19:15:22,0,60
2024-10-28 19:15:23,42,522
2024-10-28 19:15:24,5399,1657
2024-10-28 19:15:25,54,2711
2024-10-28 19:15:26,8263,484
2024-10-28 19:15:27,109,1683
2024-10-28 19:15:28,7938,9180
2024-10-28 19:15:29,2075,3420
2024-10-28 19:15:30,21474,9044
2024-10-28 19:15:31,5752,4745
2024-10-28 19:15:32,4272,4019
2024-10-28 19:15:33,29688,23997
2024-10-28 19:15:34,68793,69663
2024-10-28 19:15:35,20325,20627
2024-10-28 19:15:36,84774,85809
2024-10-28 19:15:37,101090,159337
2024-10-28 19:15:38,61551,5916
2024-10-28 19:15:39,5598,8667
2024-10-28 19:15:40,21849,15368
2024-10-28 19:15:41,8216,12375
2024-10-28 19:15:42,7210,9007
2024-10-28 19:15:43,8442,733
2024-10-28 19:15:44,4357,4599
2024-10-28 19:15:45,5733,3155
2024-10-28 19:15:46,2626,181
2024-10-28 19:15:47,12952,13547
2024-10-28 19:15:48,3351,2874
2024-10-28 19:15:49,0,60
2024-10-28 19:15:50,6195,4265
2024-10-28 19:15:51,19770,16861
2024-10-28 19:15:52,14972,13943
2024-10-28 19:15:53,8455,9705
2024-10-28 19:15:54,1362,2132
2024-10-28 19:15:55,14376,11675
2024-10-28 19:15:56,17137,17424
2024-10-28 19:15:57,17012,19912
2024-10-28 19:15:58,4714,2591
2024-10-28 19:15:59,19922,16737
2024-10-28 19:16:00,10618,9588
2024-10-28 19:16:01,13123,11114
2024-10-28 19:16:02,18186,15776
2024-10-28 19:16:03,17273,15937
2024-10-28 19:16:04,18857,15509
2024-10-28 19:16:05,135,201
2024-10-28 19:16:06,6391,820
2024-10-28 19:16:07,11729,9075
2024-10-28 19:16:08,4029,3060
2024-10-28 19:16:09,22674,23738
2024-10-28 19:16:10,2270,1729
2024-10-28 19:16:11,8771,1943
2024-10-28 19:16:12,7526,6853
2024-10-28 19:16:13,0,120
2024-10-28 19:16:14,3132,2083
2024-10-28 19:16:15,1925,1787
2024-10-28 19:16:16,16126,11603
2024-10-28 19:16:17,8825,4109
2024-10-28 19:16:18,3839,1370
2024-10-28 19:16:19,487,638
2024-10-28 19:16:20,75,182
2024-10-28 19:16:21,1304,1520
2024-10-28 19:16:22,140,202
2024-10-28 19:16:23,0,120
2024-10-28 19:16:24,1290,1710
2024-10-28 19:16:25,420,600
2024-10-28 19:16:26,1603,1668
2024-10-28 19:16:27,11710,7356
2024-10-28 19:16:28,5149,7402
2024-10-28 19:16:29,13562,15880
2024-10-28 19:16:30,56801,50517
2024-10-28 19:16:31,64045,62949
2024-10-28 19:16:32,57758,51870
2024-10-28 19:16:33,24511,24612
2024-10-28 19:16:34,31228,30817
2024-10-28 19:16:35,733,2424
2024-10-28 19:16:37,19783,16934
2024-10-28 19:16:38,40750,33664
2024-10-28 19:16:39,26876,28379
2024-10-28 19:16:40,25648,25765
2024-10-28 19:16:41,31063,36751
2024-10-28 19:16:42,12671,4909
2024-10-28 19:16:43,40155,31971
2024-10-28 19:16:44,37372,36829
2024-10-28 19:16:45,36453,36465
2024-10-28 19:16:46,50579,44325
2024-10-28 19:16:47,90420,154037
2024-10-28 19:16:48,66950,32105
2024-10-28 19:16:49,40776,71320
2024-10-28 19:16:50,156646,108711
2024-10-28 19:16:51,33304,87848
2024-10-28 19:16:52,106876,50331
2024-10-28 19:16:53,46542,116839
2024-10-28 19:16:54,132781,33711
2024-10-28 19:16:55,69289,96596
2024-10-28 19:16:56,44340,15491
2024-10-28 19:16:57,59170,54624
2024-10-28 19:16:58,50187,51214
2024-10-28 19:16:59,14730,13514
2024-10-28 19:17:00,47394,43581
2024-10-28 19:17:01,56819,57811
2024-10-28 19:17:02,63695,63460
2024-10-28 19:17:03,76724,73312
2024-10-28 19:17:04,88197,88577
2024-10-28 19:17:05,89742,88177
2024-10-28 19:17:06,52258,51669
2024-10-28 19:17:07,198515,270966
2024-10-28 19:17:08,599095,563450
2024-10-28 19:17:09,288519,267057
2024-10-28 19:17:10,294225,309559
2024-10-28 19:17:11,294640,264405
2024-10-28 19:17:12,397771,391618
2024-10-28 19:17:13,1052840,1090337
2024-10-28 19:17:14,243530,256258
2024-10-28 19:17:15,282073,266228
2024-10-28 19:17:16,535843,494355
2024-10-28 19:17:17,105070,100333
2024-10-28 19:17:18,7184,9860
2024-10-28 19:17:19,34553,31997
2024-10-28 19:17:20,17810,15772
2024-10-28 19:17:21,16836,17176
2024-10-28 19:17:22,7365,5756
2024-10-28 19:17:23,7904,6240
2024-10-28 19:17:24,12016,8589
2024-10-28 19:17:25,4286,6825
2024-10-28 19:17:26,47007,40452
2024-10-28 19:17:27,528271,528668
2024-10-28 19:17:28,7312,5895
2024-10-28 19:17:29,28994,20920
2024-10-28 19:17:30,17058,15944
2024-10-28 19:17:31,13099,4413
2024-10-28 19:17:32,26358,24239
2024-10-28 19:17:33,11715,9319
2024-10-28 19:17:34,28182,23157
2024-10-28 19:17:35,15485,14634
2024-10-28 19:17:36,22722,17923
2024-10-28 19:17:37,6725,6632
2024-10-28 19:17:38,8713,8886
2024-10-28 19:17:39,478,4965
2024-10-28 19:17:40,33153,2855
2024-10-28 19:17:41,3261,1380
2024-10-28 19:17:42,20589,13185
2024-10-28 19:17:43,3996,7501
2024-10-28 19:17:44,3924,1982
2024-10-28 19:17:45,6499,10069
2024-10-28 19:17:46,49463,1126614
2024-10-28 19:17:47,34954,77119
2024-10-28 19:17:48,375,2144
2024-10-28 19:17:49,952,2650
2024-10-28 19:17:50,7053,2412
2024-10-28 19:17:51,2089,1155
2024-10-28 19:17:52,4078,2618
2024-10-28 19:17:53,142,153
2024-10-28 19:17:54,0,0
2024-10-28 19:17:55,22489,18304
2024-10-28 19:17:56,0,0
2024-10-28 19:17:57,9463,7311
2024-10-28 19:17:58,232,251
2024-10-28 19:17:59,1027,2956
2024-10-28 19:18:00,69764,50474
2024-10-28 19:18:01,9532,8149
2024-10-28 19:18:02,6536,1000
2024-10-28 19:18:03,152193,8748
2024-10-28 19:18:04,9315,6396
2024-10-28 19:18:05,7636,6169
2024-10-28 19:18:06,16561,13088
2024-10-28 19:18:07,21365,13648
2024-10-28 19:18:08,11748,10375
2024-10-28 19:18:09,8010,11280
2024-10-28 19:18:10,13243,8681
2024-10-28 19:18:11,27422,25179
2024-10-28 19:18:12,28984,23247
2024-10-28 19:18:13,39646,25339
2024-10-28 19:18:14,71940,69948
2024-10-28 19:18:15,39461,40210
2024-10-28 19:18:16,27878,32332
2024-10-28 19:18:17,119359,157645
2024-10-28 19:18:18,134276,222898
2024-10-28 19:18:19,194765,62890
2024-10-28 19:18:20,22091,23323
2024-10-28 19:18:21,9156,9075
2024-10-28 19:18:22,32822,16647
2024-10-28 19:18:23,199109,190784
2024-10-28 19:18:24,107392,103239
2024-10-28 19:18:25,51941,51962
2024-10-28 19:18:26,91005,101717
2024-10-28 19:18:27,41330,26618
2024-10-28 19:18:28,43164,42925
2024-10-28 19:18:29,14676,14851
2024-10-28 19:18:30,59396,62534
2024-10-28 19:18:32,100393,103522
2024-10-28 19:18:33,17593,17593
2024-10-28 19:18:34,42443,41086
2024-10-28 19:18:35,9272,9668
2024-10-28 19:18:36,109221,106696
2024-10-28 19:18:37,115865,115471
2024-10-28 19:18:38,105695,106024
2024-10-28 19:18:39,416005,409974
2024-10-28 19:18:40,232074,307407
2024-10-28 19:18:41,53678,39873
2024-10-28 19:18:42,114941,56162
2024-10-28 19:18:43,65544,65377
2024-10-28 19:18:44,257040,281915
2024-10-28 19:18:45,41416,17077
2024-10-28 19:18:46,14743,14694
2024-10-28 19:18:47,12520,12681
2024-10-28 19:18:48,4369,4440
2024-10-28 19:18:49,646,612
2024-10-28 19:18:50,2992,3108
2024-10-28 19:18:51,667,739
2024-10-28 19:18:52,198,357
2024-10-28 19:18:53,468,333
2024-10-28 19:18:54,19832,17076
2024-10-28 19:18:55,14149,8501
2024-10-28 19:18:56,1405,1185
2024-10-28 19:18:57,2948,5377
2024-10-28 19:18:58,55,66
2024-10-28 19:18:59,989,1065
2024-10-28 19:19:00,137,780
2024-10-28 19:19:01,485,566
2024-10-28 19:19:02,14463,3629
2024-10-28 19:19:03,559,661
2024-10-28 19:19:04,6471,6517
2024-10-28 19:19:05,1184,1541
2024-10-28 19:19:06,597,505
2024-10-28 19:19:07,3057,3311
2024-10-28 19:19:08,109,420
2024-10-28 19:19:09,8698,10304
2024-10-28 19:19:10,1148,1103
2024-10-28 19:19:11,470,1084
2024-10-28 19:19:12,1110,1210
2024-10-28 19:19:13,19481,19497
2024-10-28 19:19:14,20932,21095
2024-10-28 19:19:15,10465,44384
2024-10-28 19:19:16,102324,113854
2024-10-28 19:19:17,40456,5334
2024-10-28 19:19:18,27782,30748
2024-10-28 19:19:19,54190,69350
2024-10-28 19:19:20,30005,2133
2024-10-28 19:19:21,7088,11207
2024-10-28 19:19:22,1492,1478
2024-10-28 19:19:23,0,60
2024-10-28 19:19:24,7312,7231
2024-10-28 19:19:25,10554,10729
2024-10-28 19:19:26,53254,89987
2024-10-28 19:19:27,48270,26296
2024-10-28 19:19:28,32907,53888
2024-10-28 19:19:29,33895,923
2024-10-28 19:19:30,1826,590
2024-10-28 19:19:31,512,634
2024-10-28 19:19:32,422,424
2024-10-28 19:19:33,532,592
2024-10-28 19:19:34,1466,1466
2024-10-28 19:19:35,797,859
2024-10-28 19:19:36,0,0
2024-10-28 19:19:37,4546,5947
2024-10-28 19:19:38,16154,16510
2024-10-28 19:19:39,367,6306
2024-10-28 19:19:40,10609,5977
2024-10-28 19:19:41,0,120
2024-10-28 19:19:42,423,438
2024-10-28 19:19:43,7207,16631
2024-10-28 19:19:44,66993,85202
2024-10-28 19:19:45,27186,33276
2024-10-28 19:19:46,29398,23982
2024-10-28 19:19:47,93031,129404
2024-10-28 19:19:48,65464,126682
2024-10-28 19:19:49,46502,5666
2024-10-28 19:19:50,30960,3070
2024-10-28 19:19:51,8125,5259
2024-10-28 19:19:52,410765,446021
2024-10-28 19:19:53,501270,466080
2024-10-28 19:19:54,779260,779282
2024-10-28 19:19:55,1186350,1236254
2024-10-28 19:19:56,175928,126096
2024-10-28 19:19:57,3800,5338
2024-10-28 19:19:58,457,442
2024-10-28 19:19:59,71,128
2024-10-28 19:20:00,125,199
2024-10-28 19:20:01,7245,2757
2024-10-28 19:20:02,215,264
2024-10-28 19:20:03,1412,1523
2024-10-28 19:20:04,657,709
2024-10-28 19:20:05,524,1061
2024-10-28 19:20:06,855,807
2024-10-28 19:20:07,0,145
2024-10-28 19:20:08,5629,24337
2024-10-28 19:20:09,299,4754
2024-10-28 19:20:10,485,556
2024-10-28 19:20:11,10718,6719
2024-10-28 19:20:12,55,66
2024-10-28 19:20:13,4706,372
2024-10-28 19:20:14,2923,4498
2024-10-28 19:20:15,165,258
2024-10-28 19:20:16,110,225
2024-10-28 19:20:17,7414,7145
2024-10-28 19:20:18,55,66
2024-10-28 19:20:19,11617,7815
